11011 | PH PROCEDIMIENTOS VASCULARES INTRACRANEALES
11012 | PH PROCEDIMIENTOS VASCULARES INTRACRANEALES W/CC
11013 | PH PROCEDIMIENTOS VASCULARES INTRACRANEALES W/MCC
11101 | PH CRANEOTOMÍA
11102 | PH CRANEOTOMÍA W/CC
11103 | PH CRANEOTOMÍA W/MCC
11111 | PH PROCEDIMIENTOS DE DERIVACIÓN VENTRICULAR
11112 | PH PROCEDIMIENTOS DE DERIVACIÓN VENTRICULAR  W/CC
11113 | PH PROCEDIMIENTOS DE DERIVACIÓN VENTRICULAR  W/MCC
11121 | PH PROCEDIMIENTOS VASCULARES EXTRACRANEALES
11122 | PH PROCEDIMIENTOS VASCULARES EXTRACRANEALES W/CC
11123 | PH PROCEDIMIENTOS VASCULARES EXTRACRANEALES W/MCC
11131 | PH LIBERACIÓN DE TÚNEL DEL CARPO
11132 | PH LIBERACIÓN DE TÚNEL DEL CARPO W/CC
11133 | PH LIBERACIÓN DE TÚNEL DEL CARPO W/MCC
11201 | PH PROCEDIMIENTOS SOBRE NERVIOS CRANEALES Y PERIFÉRICOS
11202 | PH PROCEDIMIENTOS SOBRE NERVIOS CRANEALES Y PERIFÉRICOS W/CC
11203 | PH PROCEDIMIENTOS SOBRE NERVIOS CRANEALES Y PERIFÉRICOS W/MCC
11301 | PH PROCEDIMIENTOS ESPINALES
11302 | PH PROCEDIMIENTOS ESPINALES W/CC
11303 | PH PROCEDIMIENTOS ESPINALES W/MCC
12100 | PA CRANEOTOMÍA
12110 | PA PROCEDIMIENTOS DE SHUNT VENTRICULAR
12120 | PA PROCEDIMIENTOS VASCULARES EXTRACRANEALES
12130 | PA LIBERACIÓN DE TÚNEL DEL CARPO
12210 | PA PROCEDIMIENTOS COMPLEJOS SOBRE NERVIOS PERIFÉRICOS
12220 | PA PROCEDIMIENTOS NO COMPLEJOS SOBRE NERVIOS PERIFÉRICOS
12310 | PA PROCEDIMIENTOS ESPINALES COMPLEJOS
12320 | PA PROCEDIMIENTOS ESPINALES NO COMPLEJOS
13100 | PA INYECCIÓN Y DRENAJE ESPINAL
13110 | PA INYECCIÓN SOBRE NERVIOS PERIFÉRICOS
13120 | PA OTROS PROCEDIMIENTOS NEUROLÓGICOS
13130 | PA ELECTROENCEFALOGRAFÍA
14101 | MH ENFERMEDADES Y TRASTORNOS ESPINALES
14102 | MH ENFERMEDADES Y TRASTORNOS ESPINALES W/CC
14103 | MH ENFERMEDADES Y TRASTORNOS ESPINALES W/MCC
14111 | MH ENFERMEDADES DEGENERATIVAS Y NEOPLÁSICAS DEL SISTEMA NERVIOSO
14112 | MH ENFERMEDADES DEGENERATIVAS Y NEOPLÁSICAS DEL SISTEMA NERVIOSO W/CC
14113 | MH ENFERMEDADES DEGENERATIVAS Y NEOPLÁSICAS DEL SISTEMA NERVIOSO W/MCC
14121 | MH ESCLEROSIS MÚLTIPLE Y ATAXIA CEREBELOSA
14122 | MH ESCLEROSIS MÚLTIPLE Y ATAXIA CEREBELOSA W/CC
14123 | MH ESCLEROSIS MÚLTIPLE Y ATAXIA CEREBELOSA W/MCC
14131 | MH HEMORRAGIA INTRACRANEAL NO TRAUMÁTICA
14132 | MH HEMORRAGIA INTRACRANEAL NO TRAUMÁTICA W/CC
14133 | MH HEMORRAGIA INTRACRANEAL NO TRAUMÁTICA W/MCC
14141 | MH ACCIDENTE CEREBROVASCULAR CON INFARTO
14142 | MH ACCIDENTE CEREBROVASCULAR CON INFARTO W/CC
14143 | MH ACCIDENTE CEREBROVASCULAR CON INFARTO W/MCC
14151 | MH ACVA NO ESPECÍFICO Y OCLUSIÓN PRECEREBRAL SIN INFARTO
14152 | MH ACVA NO ESPECÍFICO Y OCLUSIÓN PRECEREBRAL SIN INFARTO W/CC
14153 | MH ACVA NO ESPECÍFICO Y OCLUSIÓN PRECEREBRAL SIN INFARTO W/MCC
14161 | MH ISQUEMIA TRANSITORIA
14162 | MH ISQUEMIA TRANSITORIA W/CC
14163 | MH ISQUEMIA TRANSITORIA W/MCC
14171 | MH ENFERMEDADES DE NERVIOS CRANEALES Y PERIFÉRICOS
14172 | MH ENFERMEDADES DE NERVIOS CRANEALES Y PERIFÉRICOS W/CC
14173 | MH ENFERMEDADES DE NERVIOS CRANEALES Y PERIFÉRICOS W/MCC
14181 | MH INFECCIONES BACTERIANAS Y TUBERCULOSAS DEL SISTEMA NERVIOSO
14182 | MH INFECCIONES BACTERIANAS Y TUBERCULOSAS DEL SISTEMA NERVIOSO W/CC
14183 | MH INFECCIONES BACTERIANAS Y TUBERCULOSAS DEL SISTEMA NERVIOSO W/MCC
14191 | MH INFECCIONES NO BACTERIANAS DEL SISTEMA NERVIOSO EXC. MENINGITIS VIRAL
14192 | MH INFECCIONES NO BACTERIANAS DEL SISTEMA NERVIOSO EXC. MENINGITIS VIRAL W/CC
14193 | MH INFECCIONES NO BACTERIANAS DEL SISTEMA NERVIOSO EXC. MENINGITIS VIRAL W/MCC
14201 | MH MENINGITIS VIRAL
14202 | MH MENINGITIS VIRAL W/CC
14203 | MH MENINGITIS VIRAL W/MCC
14211 | MH COMA Y ESTUPOR NO TRAUMÁTICO
14212 | MH COMA Y ESTUPOR NO TRAUMÁTICO W/CC
14213 | MH COMA Y ESTUPOR NO TRAUMÁTICO W/MCC
14221 | MH CONVULSIONES
14222 | MH CONVULSIONES W/CC
14223 | MH CONVULSIONES W/MCC
14231 | MH MIGRAÑA Y OTRAS CEFALEAS
14232 | MH MIGRAÑA Y OTRAS CEFALEAS W/CC
14233 | MH MIGRAÑA Y OTRAS CEFALEAS W/MCC
14241 | MH TRAUMATISMO CEFÁLICO
14242 | MH TRAUMATISMO CEFÁLICO W/CC
14243 | MH TRAUMATISMO CEFÁLICO W/MCC
14251 | MH CONMOCIÓN CEREBRAL
14252 | MH CONMOCIÓN CEREBRAL W/CC
14253 | MH CONMOCIÓN CEREBRAL W/MCC
14261 | MH OTRAS ENFERMEDADES DEL SISTEMA NERVIOSO
14262 | MH OTRAS ENFERMEDADES DEL SISTEMA NERVIOSO W/CC
14263 | MH OTRAS ENFERMEDADES DEL SISTEMA NERVIOSO W/MCC
21201 | PH PROCEDIMIENTOS SOBRE ÓRBITA Y EXTRAOCULARES
21202 | PH PROCEDIMIENTOS SOBRE ÓRBITA Y EXTRAOCULARES W/CC
21203 | PH PROCEDIMIENTOS SOBRE ÓRBITA Y EXTRAOCULARES W/MCC
21301 | PH PROCEDIMIENTOS INTRAOCULARES Y SOBRE CRISTALINO
21302 | PH PROCEDIMIENTOS INTRAOCULARES Y SOBRE CRISTALINO W/CC
21303 | PH PROCEDIMIENTOS INTRAOCULARES Y SOBRE CRISTALINO W/MCC
22210 | PA PROCEDIMIENTOS OCULARES EXTERNOS COMPLEJOS
22220 | PA PROCEDIMIENTOS OCULARES EXTERNOS MODERADAMENTE COMPLEJOS
22230 | PA PROCEDIMIENTOS OCULARES EXTERNOS NO COMPLEJOS
22310 | PA PROCEDIMIENTOS COMPLEJOS SOBRE CÁMARA ANTERIOR DEL OJO
22320 | PA PROCEDIMIENTOS MODERADAMENTE COMPLEJOS SOBRE CÁMARA ANTERIOR DEL OJO
22330 | PA PROCEDIMIENTOS NO COMPLEJOS SOBRE CÁMARA ANTERIOR DEL OJO
22340 | PA PROCEDIMIENTOS COMPLEJOS SOBRE CÁMARA POSTERIOR DEL OJO
22350 | PA PROCEDIMIENTOS NO COMPLEJOS SOBRE CÁMARA POSTERIOR DEL OJO
22360 | PA PROCEDIMIENTOS SOBRE CATARATAS
22370 | PA PROCEDIMIENTOS DE FOTOCOAGULACIÓN Y CRIOTERAPIA SOBRE RETINA
23100 | PA PROCEDIMIENTOS OCULARES CON LÁSER MODERADAMENTE COMPLEJOS
23110 | PA PROCEDIMIENTOS EXTRAOCULARES NO COMPLEJOS
23120 | PA OTROS PROCEDIMIENTOS OCULARES
23130 | PA PROCEDIMIENTOS OCULARES DIAGNÓSTICOS Y DE IMAGEN
24101 | MH INFECCIONES OCULARES MAYORES AGUDAS
24102 | MH INFECCIONES OCULARES MAYORES AGUDAS W/CC
24103 | MH INFECCIONES OCULARES MAYORES AGUDAS W/MCC
24111 | MH ENFERMEDADES OCULARES NEUROLÓGICAS
24112 | MH ENFERMEDADES OCULARES NEUROLÓGICAS W/CC
24113 | MH ENFERMEDADES OCULARES NEUROLÓGICAS W/MCC
24121 | MH OTRAS ENFERMEDADES OCULARES
24122 | MH OTRAS ENFERMEDADES OCULARES W/CC
24123 | MH OTRAS ENFERMEDADES OCULARES W/MCC
31101 | PH PROCEDIMIENTOS MAYORES SOBRE LARINGE
31102 | PH PROCEDIMIENTOS MAYORES SOBRE LARINGE W/CC
31103 | PH PROCEDIMIENTOS MAYORES SOBRE LARINGE W/MCC
31111 | PH OTROS PROCEDIMIENTOS SOBRE CABEZA Y CUELLO COMPLEJOS
31112 | PH OTROS PROCEDIMIENTOS SOBRE CABEZA Y CUELLO COMPLEJOS W/CC
31113 | PH OTROS PROCEDIMIENTOS SOBRE CABEZA Y CUELLO COMPLEJOS W/MCC
31121 | PH PROCEDIMIENTOS SOBRE SENOS Y MASTOIDES
31122 | PH PROCEDIMIENTOS SOBRE SENOS Y MASTOIDES W/CC
31123 | PH PROCEDIMIENTOS SOBRE SENOS Y MASTOIDES W/MCC
31131 | PH PROCEDIMIENTOS SOBRE GLÁNDULAS SALIVARES
31132 | PH PROCEDIMIENTOS SOBRE GLÁNDULAS SALIVARES W/CC
31133 | PH PROCEDIMIENTOS SOBRE GLÁNDULAS SALIVARES W/MCC
31141 | PH REPARACIÓN DE PALADAR Y LABIO HENDIDO
31142 | PH REPARACIÓN DE PALADAR Y LABIO HENDIDO  W/CC
31143 | PH REPARACIÓN DE PALADAR Y LABIO HENDIDO  W/MCC
31151 | PH PROCEDIMIENTOS SOBRE AMÍGDALAS Y ADENOIDES
31152 | PH PROCEDIMIENTOS SOBRE AMÍGDALAS Y ADENOIDES W/CC
31153 | PH PROCEDIMIENTOS SOBRE AMÍGDALAS Y ADENOIDES W/MCC
31201 | PH OTROS PROCEDIMIENTOS SOBRE OÍDO, NARIZ, BOCA Y GARGANTA
31202 | PH OTROS PROCEDIMIENTOS SOBRE OÍDO, NARIZ, BOCA Y GARGANTA W/CC
31203 | PH OTROS PROCEDIMIENTOS SOBRE OÍDO, NARIZ, BOCA Y GARGANTA W/MCC
31301 | PH PROCEDIMIENTOS SOBRE BOCA
31302 | PH PROCEDIMIENTOS SOBRE BOCA W/CC
31303 | PH PROCEDIMIENTOS SOBRE BOCA W/MCC
32100 | PA PROCEDIMIENTOS MAYORES SOBRE LARINGE
32110 | PA OTROS PROCEDIMIENTOS SOBRE CABEZA Y CUELLO COMPLEJOS
32120 | PA PROCEDIMIENTOS SOBRE SENOS Y MASTOIDES
32130 | PA PROCEDIMIENTOS SOBRE GLÁNDULAS SALIVARES
32140 | PA REPARACIÓN DE PALADAR Y LABIO LEPORINO
32150 | PA PROCEDIMIENTOS SOBRE AMÍGDALAS Y ADENOIDES
32210 | PA PROCEDIMIENTOS COMPLEJOS SOBRE OÍDO, NARIZ, BOCA Y GARGANTA
32220 | PA PROCEDIMIENTOS MODERADAMENTE COMPLEJOS SOBRE OÍDO, NARIZ, BOCA Y GARGANTA
32230 | PA RINOPLASTIA
32240 | PA PROCEDIMIENTOS MENORES SOBRE NARIZ
32250 | PA PROCEDIMIENTOS SOBRE OÍDO MEDIO
32310 | PA PROCEDIMIENTOS COMPLEJOS SOBRE BOCA Y LENGUA
32320 | PA PROCEDIMIENTOS NO COMPLEJOS SOBRE BOCA Y LENGUA
33100 | PA OTROS PROCEDIMIENTOS MODERADAMENTE COMPLEJOS SOBRE OÍDO, NARIZ, BOCA Y GARGANTA
33110 | PA OTROS PROCEDIMIENTOS SOBRE OÍDO, NARIZ, BOCA Y GARGANTA
33120 | PA TAPONAMIENTO Y CAUTERIZACIÓN NASAL
33130 | PA OTROS PROCEDIMIENTOS DIAGNÓSTICOS SOBRE OÍDO, NARIZ, BOCA Y GARGANTA
33140 | PA PRUEBAS FUNCIONALES SOBRE OÍDO, NARIZ, BOCA Y GARGANTA
33150 | PA OTROS PROCEDIMIENTOS NO COMPLEJOS SOBRE OÍDO, NARIZ, BOCA Y GARGANTA
33160 | PA PROCEDIMIENTOS DENTALES
34101 | MH NEOPLASIAS DE OÍDO, NARIZ, BOCA Y GARGANTA
34102 | MH NEOPLASIAS DE OÍDO, NARIZ, BOCA Y GARGANTA W/CC
34103 | MH NEOPLASIAS DE OÍDO, NARIZ, BOCA Y GARGANTA W/MCC
34111 | MH VÉRTIGO
34112 | MH VÉRTIGO W/CC
34113 | MH VÉRTIGO W/MCC
34121 | MH EPISTAXIS
34122 | MH EPISTAXIS W/CC
34123 | MH EPISTAXIS W/MCC
34131 | MH EPIGLOTITIS, OTITIS MEDIA, INFECCIONES TRACTO RESPIRATORIO SUPERIOR Y LARINGOTRAQUEITIS
34132 | MH EPIGLOTITIS, OTITIS MEDIA, INFECCIONES TRACTO RESPIRATORIO SUPERIOR Y LARINGOTRAQUEITIS W/CC
34133 | MH EPIGLOTITIS, OTITIS MEDIA, INFECCIONES TRACTO RESPIRATORIO SUPERIOR Y LARINGOTRAQUEITIS W/MCC
34141 | MH ENFERMEDADES ORALES Y DENTALES
34142 | MH ENFERMEDADES ORALES Y DENTALES W/CC
34143 | MH ENFERMEDADES ORALES Y DENTALES W/MCC
34151 | MH OTROS DIAGNÓSTICOS SOBRE OÍDO, NARIZ, BOCA Y GARGANTA
34152 | MH OTROS DIAGNÓSTICOS SOBRE OÍDO, NARIZ, BOCA Y GARGANTA W/CC
34153 | MH OTROS DIAGNÓSTICOS SOBRE OÍDO, NARIZ, BOCA Y GARGANTA W/MCC
41011 | PH ECMO VENTILACIÓN MECÁNICA PROLONGADA CON TRAQUEOSTOMÍA
41012 | PH ECMO VENTILACIÓN MECÁNICA PROLONGADA CON TRAQUEOSTOMÍA W/CC
41013 | PH ECMO VENTILACIÓN MECÁNICA PROLONGADA CON TRAQUEOSTOMÍA W/MCC
41021 | PH VENTILACIÓN MECÁNICA PROLONGADA SIN TRAQUEOSTOMÍA
41022 | PH VENTILACIÓN MECÁNICA PROLONGADA SIN TRAQUEOSTOMÍA W/CC
41023 | PH VENTILACIÓN MECÁNICA PROLONGADA SIN TRAQUEOSTOMÍA W/MCC
41101 | PH PROCEDIMIENTOS COMPLEJOS SOBRE APARATO RESPIRATORIO
41102 | PH PROCEDIMIENTOS COMPLEJOS SOBRE APARATO RESPIRATORIO W/CC
41103 | PH PROCEDIMIENTOS COMPLEJOS SOBRE APARATO RESPIRATORIO W/MCC
41201 | PH PROCEDIMIENTOS NO COMPLEJOS SOBRE APARATO RESPIRATORIO
41202 | PH PROCEDIMIENTOS NO COMPLEJOS SOBRE APARATO RESPIRATORIO W/CC
41203 | PH PROCEDIMIENTOS NO COMPLEJOS SOBRE APARATO RESPIRATORIO W/MCC
41301 | PH PROCEDIMIENTOS MODERADAMENTE COMPLEJOS SOBRE APARATO RESPIRATORIO
41302 | PH PROCEDIMIENTOS MODERADAMENTE COMPLEJOS SOBRE APARATO RESPIRATORIO W/CC
41303 | PH PROCEDIMIENTOS MODERADAMENTE COMPLEJOS SOBRE APARATO RESPIRATORIO W/MCC
42100 | PA PROCEDIMIENTOS COMPLEJOS SOBRE APARATO RESPIRATORIO
42210 | PA PROCEDIMIENTOS DE VENTILACIÓN MECÁNICA DE CORTA DURACIÓN
42220 | PA PROCEDIMIENTOS SOBRE LARINGE Y TRAQUEA
42310 | PA MEDIASTINOSCOPIA/TORACOSCOPIA
42320 | PA PROCEDIMIENTOS TORÁCICOS INTERMEDIOS
43100 | PA PROCEDIMIENTOS SOBRE PARED TORÁCICA
43110 | PA INSERCIÓN DE TUBO TORÁCICO
43120 | PA TORACOCENTESIS
43130 | PA PROCEDIMIENTOS DE TERAPIA RESPIRATORIA
43140 | PA BIOPSIA Y ASPIRACIÓN PERCUTÁNEA
43150 | PA BRONCOSCOPIA
43170 | PA OTROS PROCEDIMIENTOS SOBRE APARATO RESPIRATORIO
44101 | MH FIBROSIS QUÍSTICA
44102 | MH FIBROSIS QUÍSTICA W/CC
44103 | MH FIBROSIS QUÍSTICA W/MCC
44111 | MH FALLA RESPIRATORIA
44112 | MH FALLA RESPIRATORIA W/CC
44113 | MH FALLA RESPIRATORIA W/MCC
44121 | MH EMBOLISMO PULMONAR
44122 | MH EMBOLISMO PULMONAR W/CC
44123 | MH EMBOLISMO PULMONAR W/MCC
44131 | MH TRAUMATISMO TORÁCICO MAYOR
44132 | MH TRAUMATISMO TORÁCICO MAYOR W/CC
44133 | MH TRAUMATISMO TORÁCICO MAYOR W/MCC
44141 | MH NEOPLASIAS RESPIRATORIAS
44142 | MH NEOPLASIAS RESPIRATORIAS W/CC
44143 | MH NEOPLASIAS RESPIRATORIAS W/MCC
44151 | MH INFECCIONES E INFLAMACIONES RESPIRATORIAS
44152 | MH INFECCIONES E INFLAMACIONES RESPIRATORIAS W/CC
44153 | MH INFECCIONES E INFLAMACIONES RESPIRATORIAS W/MCC
44161 | MH NEUMONÍA SIMPLE Y TOS FERINA
44162 | MH NEUMONÍA SIMPLE Y TOS FERINA W/CC
44163 | MH NEUMONÍA SIMPLE Y TOS FERINA W/MCC
44171 | MH ENFERMEDAD PULMONAR OBSTRUCTIVA CRÓNICA
44172 | MH ENFERMEDAD PULMONAR OBSTRUCTIVA CRÓNICA W/CC
44173 | MH ENFERMEDAD PULMONAR OBSTRUCTIVA CRÓNICA W/MCC
44181 | MH BRONQUIOLITIS Y ASMA
44182 | MH BRONQUIOLITIS Y ASMA W/CC
44183 | MH BRONQUIOLITIS Y ASMA W/MCC
44191 | MH ENFERMEDAD PULMONAR INTERSTICIAL
44192 | MH ENFERMEDAD PULMONAR INTERSTICIAL W/CC
44193 | MH ENFERMEDAD PULMONAR INTERSTICIAL W/MCC
44201 | MH DERRAME PLEURAL Y NEUMOTÓRAX
44202 | MH DERRAME PLEURAL Y NEUMOTÓRAX W/CC
44203 | MH DERRAME PLEURAL Y NEUMOTÓRAX W/MCC
44211 | MH OTROS SIGNOS, SÍNTOMAS Y DIAGNÓSTICOS DE APARATO RESPIRATORIO
44212 | MH OTROS SIGNOS, SÍNTOMAS Y DIAGNÓSTICOS DE APARATO RESPIRATORIO W/CC
44213 | MH OTROS SIGNOS, SÍNTOMAS Y DIAGNÓSTICOS DE APARATO RESPIRATORIO W/MCC
51011 | PH TRASPLANTE CARDIACO Y/O PULMONAR
51012 | PH TRASPLANTE CARDIACO Y/O PULMONAR W/CC
51013 | PH TRASPLANTE CARDIACO Y/O PULMONAR W/MCC
51021 | PH PROCEDIMIENTOS SOBRE VÁLVULAS CARDIACAS CON CATETERISMO CARDIACO
51022 | PH PROCEDIMIENTOS SOBRE VÁLVULAS CARDIACAS CON CATETERISMO CARDIACO W/CC
51023 | PH PROCEDIMIENTOS SOBRE VÁLVULAS CARDIACAS CON CATETERISMO CARDIACO W/MCC
51031 | PH REPARACIÓN CARDIOTORÁCICA COMPLEJA DE ANOMALÍA CARDIACA
51032 | PH REPARACIÓN CARDIOTORÁCICA COMPLEJA DE ANOMALÍA CARDIACA W/CC
51033 | PH REPARACIÓN CARDIOTORÁCICA COMPLEJA DE ANOMALÍA CARDIACA W/MCC
51041 | PH PROCEDIMIENTOS SOBRE VÁLVULAS CARDIACAS SIN CATETERISMO CARDIACO
51042 | PH PROCEDIMIENTOS SOBRE VÁLVULAS CARDIACAS SIN CATETERISMO CARDIACO W/CC
51043 | PH PROCEDIMIENTOS SOBRE VÁLVULAS CARDIACAS SIN CATETERISMO CARDIACO W/MCC
51051 | PH DERIVACIÓN AORTOCORONARIA CON CATETERISMO CARDIACO
51052 | PH DERIVACIÓN AORTOCORONARIA CON CATETERISMO CARDIACO W/CC
51053 | PH DERIVACIÓN AORTOCORONARIA CON CATETERISMO CARDIACO W/MCC
51061 | PH OTROS PROCEDIMIENTOS CARDIOTORÁCICOS
51062 | PH OTROS PROCEDIMIENTOS CARDIOTORÁCICOS W/CC
51063 | PH OTROS PROCEDIMIENTOS CARDIOTORÁCICOS W/MCC
51071 | PH DERIVACIÓN AORTOCORONARIA SIN CATETERISMO CARDIACO
51072 | PH DERIVACIÓN AORTOCORONARIA SIN CATETERISMO CARDIACO W/CC
51073 | PH DERIVACIÓN AORTOCORONARIA SIN CATETERISMO CARDIACO W/MCC
51111 | PH INSERCIÓN DE DESFIBRILADOR CARDIACO Y SISTEMA DE ASISTENCIA CARDIACA
51112 | PH INSERCIÓN DE DESFIBRILADOR CARDIACO Y SISTEMA DE ASISTENCIA CARDIACA W/CC
51113 | PH INSERCIÓN DE DESFIBRILADOR CARDIACO Y SISTEMA DE ASISTENCIA CARDIACA W/MCC
51121 | PH PROCEDIMIENTOS VASCULARES TORÁCICOS COMPLEJOS
51122 | PH PROCEDIMIENTOS VASCULARES TORÁCICOS COMPLEJOS W/CC
51123 | PH PROCEDIMIENTOS VASCULARES TORÁCICOS COMPLEJOS W/MCC
51131 | PH PROCEDIMIENTOS VASCULARES ABDOMINALES COMPLEJOS
51132 | PH PROCEDIMIENTOS VASCULARES ABDOMINALES COMPLEJOS W/CC
51133 | PH PROCEDIMIENTOS VASCULARES ABDOMINALES COMPLEJOS W/MCC
51141 | PH INSERCIÓN DE MARCAPASOS CARDIACO PERMANENTE
51142 | PH INSERCIÓN DE MARCAPASOS CARDIACO PERMANENTE W/CC
51143 | PH INSERCIÓN DE MARCAPASOS CARDIACO PERMANENTE W/MCC
51151 | PH CATETERISMO CARDIACO
51152 | PH CATETERISMO CARDIACO W/CC
51153 | PH CATETERISMO CARDIACO W/MCC
51161 | PH REVISIÓN DE MARCAPASOS CARDIACO Y DESFIBRILADOR EXCEPTO SUSTITUCIÓN GENERADOR
51162 | PH REVISIÓN DE MARCAPASOS CARDIACO Y DESFIBRILADOR EXCEPTO SUSTITUCIÓN GENERADOR W/CC
51163 | PH REVISIÓN DE MARCAPASOS CARDIACO Y DESFIBRILADOR EXCEPTO SUSTITUCIÓN GENERADOR W/MCC
51171 | PH LIGADURA Y EXTIRPACIÓN DE VENAS VARICOSAS
51172 | PH LIGADURA Y EXTIRPACIÓN DE VENAS VARICOSAS W/CC
51173 | PH LIGADURA Y EXTIRPACIÓN DE VENAS VARICOSAS W/MCC
51201 | PH OTROS PROCEDIMIENTOS SOBRE APARATO CIRCULATORIO
51202 | PH OTROS PROCEDIMIENTOS SOBRE APARATO CIRCULATORIO W/CC
51203 | PH OTROS PROCEDIMIENTOS SOBRE APARATO CIRCULATORIO W/MCC
51301 | PH SUSTITUCIÓN DE GENERADOR DE DESFIBRILADOR Y MARCAPASOS CARDIACO
51302 | PH SUSTITUCIÓN DE GENERADOR DE DESFIBRILADOR Y MARCAPASOS CARDIACO W/CC
51303 | PH SUSTITUCIÓN DE GENERADOR DE DESFIBRILADOR Y MARCAPASOS CARDIACO W/MCC
51401 | PH PROCEDIMIENTOS CARDIOVASCULARES PERCUTÁNEOS
51402 | PH PROCEDIMIENTOS CARDIOVASCULARES PERCUTÁNEOS W/CC
51403 | PH PROCEDIMIENTOS CARDIOVASCULARES PERCUTÁNEOS W/MCC
52110 | PA INSERCIÓN DE SISTEMA DE DESFIBRILADOR Y SOPORTE CARDIACO
52120 | PA PROCEDIMIENTOS VASCULARES TORÁCICOS COMPLEJOS
52130 | PA PROCEDIMIENTOS VASCULARES ABDOMINALES COMPLEJOS
52140 | PA INSERCIÓN DE MARCAPASOS CARDIACO PERMANENTE
52150 | PA CATETERISMO CARDIACO
52160 | PA SUSTITUCIÓN DE MARCAPASOS CARDIACO Y REVISIÓN DE DESFIBRILADOR EXCEPTO SUSTITUCIÓN DE GENERADOR
52170 | PA LIGADURA Y EXTIRPACIÓN DE VENAS VARICOSAS
52210 | PA ANGIOGRAFÍA ARTERIAL NO CARDIACA
52220 | PA PROCEDIMIENTO VASCULARES MODERADAMENTE COMPLEJOS
52230 | PA PROCEDIMIENTO VASCULARES NO COMPLEJOS
52310 | PA INSERCIÓN O SUSTITUCIÓN DE GENERADOR DE DESFIBRILADOR CARDIACO
52320 | PA INSERCIÓN O SUSTITUCIÓN DE MARCAPASOS CARDIACO
52410 | PA PROCEDIMIENTOS ELECTROFISIOLÓGICOS
52420 | PA ANGIOPLASTIA CORONARIA Y OTROS PROCEDIMIENTOS CARDIOVASCULARES PERCUTÁNEOS
53100 | PA RESUCITACIÓN CARDIACA
53110 | PA CARDIOVERSIÓN
53120 | PA OTROS PROCEDIMIENTOS CARDIACOS MENORES
53130 | PA ECOCARDIOGRAFÍA
53150 | PA PROCEDIMIENTOS DE MONITORIZACIÓN Y FUNCIÓN CARDIOVASCULAR
54101 | MH INFARTO AGUDO DE MIOCARDIO
54102 | MH INFARTO AGUDO DE MIOCARDIO W/CC
54103 | MH INFARTO AGUDO DE MIOCARDIO W/MCC
54111 | MH ENDOCARDITIS AGUDA Y SUBAGUDA
54112 | MH ENDOCARDITIS AGUDA Y SUBAGUDA W/CC
54113 | MH ENDOCARDITIS AGUDA Y SUBAGUDA W/MCC
54121 | MH INSUFICIENCIA CARDIACA
54122 | MH INSUFICIENCIA CARDIACA W/CC
54123 | MH INSUFICIENCIA CARDIACA W/MCC
54131 | MH TROMBOFLEBITIS VENOSA PROFUNDA
54132 | MH TROMBOFLEBITIS VENOSA PROFUNDA W/CC
54133 | MH TROMBOFLEBITIS VENOSA PROFUNDA W/MCC
54141 | MH PARO CARDIACO SIN EXPLICACIÓN
54142 | MH PARO CARDIACO SIN EXPLICACIÓN W/CC
54143 | MH PARO CARDIACO SIN EXPLICACIÓN W/MCC
54151 | MH OTRAS ENFERMEDADES VASCULARES Y PERIFÉRICAS
54152 | MH OTRAS ENFERMEDADES VASCULARES Y PERIFÉRICAS W/CC
54153 | MH OTRAS ENFERMEDADES VASCULARES Y PERIFÉRICAS W/MCC
54161 | MH ATEROSCLEROSIS
54162 | MH ATEROSCLEROSIS W/CC
54163 | MH ATEROSCLEROSIS W/MCC
54171 | MH HIPERTENSIÓN
54172 | MH HIPERTENSIÓN W/CC
54173 | MH HIPERTENSIÓN W/MCC
54181 | MH ENFERMEDADES CARDIACAS CONGÉNITAS Y VALVULARES
54182 | MH ENFERMEDADES CARDIACAS CONGÉNITAS Y VALVULARES W/CC
54183 | MH ENFERMEDADES CARDIACAS CONGÉNITAS Y VALVULARES W/MCC
54191 | MH TRASTORNOS DE LA CONDUCCIÓN Y ARRITMIAS CARDIACAS
54192 | MH TRASTORNOS DE LA CONDUCCIÓN Y ARRITMIAS CARDIACAS W/CC
54193 | MH TRASTORNOS DE LA CONDUCCIÓN Y ARRITMIAS CARDIACAS W/MCC
54201 | MH DOLOR TORÁCICO Y ANGINA DE PECHO
54202 | MH DOLOR TORÁCICO Y ANGINA DE PECHO W/CC
54203 | MH DOLOR TORÁCICO Y ANGINA DE PECHO W/MCC
54211 | MH SÍNCOPE Y COLAPSO
54212 | MH SÍNCOPE Y COLAPSO W/CC
54213 | MH SÍNCOPE Y COLAPSO W/MCC
54221 | MH MIOCARDIOPATÍA
54222 | MH MIOCARDIOPATÍA W/CC
54223 | MH MIOCARDIOPATÍA W/MCC
54231 | MH COMPLICACIÓN, DISFUNCIÓN O REACCIÓN DE DISPOSITIVO O TRAS PROCEDIMIENTO CARDIOVASCULAR
54232 | MH COMPLICACIÓN, DISFUNCIÓN O REACCIÓN DE DISPOSITIVO O TRAS PROCEDIMIENTO CARDIOVASCULAR W/CC
54233 | MH COMPLICACIÓN, DISFUNCIÓN O REACCIÓN DE DISPOSITIVO O TRAS PROCEDIMIENTO CARDIOVASCULAR W/MCC
54241 | MH OTROS DIAGNÓSTICOS DE APARATO CIRCULATORIO
54242 | MH OTROS DIAGNÓSTICOS DE APARATO CIRCULATORIO W/CC
54243 | MH OTROS DIAGNÓSTICOS DE APARATO CIRCULATORIO W/MCC
61101 | PH PROCEDIMIENTOS SOBRE INTESTINO DELGADO O GRUESO NO COMPLEJOS
61102 | PH PROCEDIMIENTOS SOBRE INTESTINO DELGADO O GRUESO NO COMPLEJOS W/CC
61103 | PH PROCEDIMIENTOS SOBRE INTESTINO DELGADO O GRUESO NO COMPLEJOS W/MCC
61111 | PH LISIS DE ADHERENCIAS PERITONEALES
61112 | PH LISIS DE ADHERENCIAS PERITONEALES W/CC
61113 | PH LISIS DE ADHERENCIAS PERITONEALES W/MCC
61121 | PH PROCEDIMIENTOS SOBRE HERNIA EXCEPTO INGUINAL Y FEMORAL
61122 | PH PROCEDIMIENTOS SOBRE HERNIA EXCEPTO INGUINAL Y FEMORAL W/CC
61123 | PH PROCEDIMIENTOS SOBRE HERNIA EXCEPTO INGUINAL Y FEMORAL W/MCC
61131 | PH PROCEDIMIENTOS SOBRE APÉNDICE
61132 | PH PROCEDIMIENTOS SOBRE APÉNDICE W/CC
61133 | PH PROCEDIMIENTOS SOBRE APÉNDICE W/MCC
61141 | PH PROCEDIMIENTOS SOBRE HERNIA INGUINAL Y FEMORAL
61142 | PH PROCEDIMIENTOS SOBRE HERNIA INGUINAL Y FEMORAL W/CC
61143 | PH PROCEDIMIENTOS SOBRE HERNIA INGUINAL Y FEMORAL W/MCC
61201 | PH PROCEDIMIENTOS COMPLEJOS DEL TRACTO DIGESTIVO
61202 | PH PROCEDIMIENTOS COMPLEJOS DEL TRACTO DIGESTIVO W/CC
61203 | PH PROCEDIMIENTOS COMPLEJOS DEL TRACTO DIGESTIVO W/MCC
61301 | PH PROCEDIMIENTOS SOBRE ESTÓMAGO, ESÓFAGO Y DUODENO NO COMPLEJOS
61302 | PH PROCEDIMIENTOS SOBRE ESTÓMAGO, ESÓFAGO Y DUODENO NO COMPLEJOS W/CC
61303 | PH PROCEDIMIENTOS SOBRE ESTÓMAGO, ESÓFAGO Y DUODENO NO COMPLEJOS W/MCC
61401 | PH OTROS PROCEDIMIENTOS SOBRE APARATO DIGESTIVO
61402 | PH OTROS PROCEDIMIENTOS SOBRE APARATO DIGESTIVO W/CC
61403 | PH OTROS PROCEDIMIENTOS SOBRE APARATO DIGESTIVO W/MCC
61501 | PH PROCEDIMIENTOS SOBRE ANO
61502 | PH PROCEDIMIENTOS SOBRE ANO W/CC
61503 | PH PROCEDIMIENTOS SOBRE ANO W/MCC
62100 | PA PROCEDIMIENTOS SOBRE INTESTINO DELGADO O GRUESO NO COMPLEJOS
62110 | PA LISIS DE ADHERENCIAS PERITONEALES
62120 | PA PROCEDIMIENTOS SOBRE HERNIA EXCEPTO INGUINAL Y FEMORAL
62130 | PA PROCEDIMIENTOS SOBRE APÉNDICE
62140 | PA PROCEDIMIENTOS SOBRE HERNIA INGUINAL Y FEMORAL
62210 | PA PROCEDIMIENTOS SOBRE INTESTINO DELGADO O GRUESO COMPLEJOS
62220 | PA PROCEDIMIENTOS SOBRE TRACTO GASTROINTESTINAL SUPERIOR COMPLEJOS
62310 | PA PROCEDIMIENTOS SOBRE TRACTO GASTROINTESTINAL SUPERIOR MODERADAMENTE COMPLEJOS
62320 | PA OTROS PROCEDIMIENTOS SOBRE TRACTO GASTROINTESTINAL SUPERIOR
62410 | PA LAPAROSCOPIA
62420 | PA OTROS PROCEDIMIENTOS GASTROINTESTINALES Y DE LAPAROTOMÍA
62510 | PA PROCEDIMIENTOS SOBRE HEMORROIDES
62520 | PA PROCEDIMIENTOS SOBRE ANO Y RECTO MODERADAMENTE COMPLEJOS
62530 | PA PROCEDIMIENTOS SOBRE ANO Y RECTO NO COMPLEJOS
63100 | PA OTROS PROCEDIMIENTOS GASTROINTESTINALES NO COMPLEJOS
63110 | PA PROCEDIMIENTOS SOBRE ANO Y RECTO NO COMPLEJOS
63120 | PA ANOSCOPIA COMPLEJA Y SIGMOIDOSCOPIA
63130 | PA COLONOSCOPIA
63140 | PA ENDOSCOPIA DE TRACTO GASTROINTESTINAL SUPERIOR COMPLEJA
63150 | PA ENDOSCOPIA DE TRACTO GASTROINTESTINAL SUPERIOR NO COMPLEJA
63160 | PA OTROS PROCEDIMIENTOS GASTROINTESTINALES
64101 | MH NEOPLASIAS DIGESTIVAS
64102 | MH NEOPLASIAS DIGESTIVAS W/CC
64103 | MH NEOPLASIAS DIGESTIVAS W/MCC
64111 | MH GASTRITIS Y ÚLCERA PÉPTICA
64112 | MH GASTRITIS Y ÚLCERA PÉPTICA W/CC
64113 | MH GASTRITIS Y ÚLCERA PÉPTICA W/MCC
64121 | MH ENFERMEDADES ESOFÁGICAS
64122 | MH ENFERMEDADES ESOFÁGICAS W/CC
64123 | MH ENFERMEDADES ESOFÁGICAS W/MCC
64131 | MH DIVERTICULITIS, DIVERTICULOSIS Y ENFERMEDAD INFLAMATORIA INTESTINAL
64132 | MH DIVERTICULITIS, DIVERTICULOSIS Y ENFERMEDAD INFLAMATORIA INTESTINAL W/CC
64133 | MH DIVERTICULITIS, DIVERTICULOSIS Y ENFERMEDAD INFLAMATORIA INTESTINAL W/MCC
64141 | MH INSUFICIENCIA VASCULAR GASTROINTESTINAL
64142 | MH INSUFICIENCIA VASCULAR GASTROINTESTINAL W/CC
64143 | MH INSUFICIENCIA VASCULAR GASTROINTESTINAL W/MCC
64151 | MH OBSTRUCCIÓN GASTROINTESTINAL
64152 | MH OBSTRUCCIÓN GASTROINTESTINAL W/CC
64153 | MH OBSTRUCCIÓN GASTROINTESTINAL W/MCC
64161 | MH INFECCIONES GASTROINTESTINALES MAYORES
64162 | MH INFECCIONES GASTROINTESTINALES MAYORES W/CC
64163 | MH INFECCIONES GASTROINTESTINALES MAYORES W/MCC
64171 | MH DOLOR ABDOMINAL Y OTRAS GASTROENTERITIS
64172 | MH DOLOR ABDOMINAL Y OTRAS GASTROENTERITIS W/CC
64173 | MH DOLOR ABDOMINAL Y OTRAS GASTROENTERITIS W/MCC
64181 | MH OTROS DIAGNÓSTICOS SOBRE APARATO DIGESTIVO
64182 | MH OTROS DIAGNÓSTICOS SOBRE APARATO DIGESTIVO W/CC
64183 | MH OTROS DIAGNÓSTICOS SOBRE APARATO DIGESTIVO W/MCC
71011 | PH TRASPLANTE HEPÁTICO
71012 | PH TRASPLANTE HEPÁTICO W/CC
71013 | PH TRASPLANTE HEPÁTICO W/MCC
71101 | PH PROCEDIMIENTOS SOBRE PÁNCREAS E HÍGADO
71102 | PH PROCEDIMIENTOS SOBRE PÁNCREAS E HÍGADO W/CC
71103 | PH PROCEDIMIENTOS SOBRE PÁNCREAS E HÍGADO W/MCC
71111 | PH PROCEDIMIENTOS COMPLEJOS SOBRE SISTEMA BILIAR
71112 | PH PROCEDIMIENTOS COMPLEJOS SOBRE SISTEMA BILIAR W/CC
71113 | PH PROCEDIMIENTOS COMPLEJOS SOBRE SISTEMA BILIAR W/MCC
71121 | PH COLECISTECTOMÍA EXCEPTO LAPAROSCÓPICA
71122 | PH COLECISTECTOMÍA EXCEPTO LAPAROSCÓPICA W/CC
71123 | PH COLECISTECTOMÍA EXCEPTO LAPAROSCÓPICA W/MCC
71131 | PH OTROS PROCEDIMIENTOS HEPATOBILIARES Y SOBRE PÁNCREAS
71132 | PH OTROS PROCEDIMIENTOS HEPATOBILIARES Y SOBRE PÁNCREAS W/CC
71133 | PH OTROS PROCEDIMIENTOS HEPATOBILIARES Y SOBRE PÁNCREAS W/MCC
71141 | PH COLECISTECTOMÍA LAPAROSCÓPICA
71142 | PH COLECISTECTOMÍA LAPAROSCÓPICA W/CC
71143 | PH COLECISTECTOMÍA LAPAROSCÓPICA W/MCC
72100 | PA PROCEDIMIENTOS SOBRE PÁNCREAS E HÍGADO
72110 | PA PROCEDIMIENTOS COMPLEJOS SOBRE SISTEMA BILIAR
72120 | PA COLECISTECTOMÍA EXCEPTO LAPAROSCÓPICA
72130 | PA OTROS PROCEDIMIENTOS HEPATOBILIARES Y SOBRE PÁNCREAS
72140 | PA COLECISTECTOMÍA LAPAROSCÓPICA
73100 | PA PROCEDIMIENTOS PERCUTÁNEOS SOBRE SISTEMA BILIAR E HÍGADO
73110 | PA PROCEDIMIENTOS ENDOSCÓPICOS SOBRE SISTEMA BILIAR
73120 | PA OTROS PROCEDIMIENTOS SOBRE PÁNCREAS Y SISTEMA HEPATOBILIAR
74101 | MH HEPATITIS ALCOHÓLICA Y CIRROSIS
74102 | MH HEPATITIS ALCOHÓLICA Y CIRROSIS W/CC
74103 | MH HEPATITIS ALCOHÓLICA Y CIRROSIS W/MCC
74111 | MH NEOPLASIAS DE PÁNCREAS Y SISTEMA HEPATOBILIAR
74112 | MH NEOPLASIAS DE PÁNCREAS Y SISTEMA HEPATOBILIAR W/CC
74113 | MH NEOPLASIAS DE PÁNCREAS Y SISTEMA HEPATOBILIAR W/MCC
74121 | MH ENFERMEDADES DE PÁNCREAS EXCEPTO NEOPLASIAS
74122 | MH ENFERMEDADES DE PÁNCREAS EXCEPTO NEOPLASIAS W/CC
74123 | MH ENFERMEDADES DE PÁNCREAS EXCEPTO NEOPLASIAS W/MCC
74131 | MH ENFERMEDADES HEPÁTICAS EXCEPTO NEOPLASIAS, CIRROSIS O HEPATITIS ALCOHÓLICA
74132 | MH ENFERMEDADES HEPÁTICAS EXCEPTO NEOPLASIAS, CIRROSIS O HEPATITIS ALCOHÓLICA W/CC
74133 | MH ENFERMEDADES HEPÁTICAS EXCEPTO NEOPLASIAS, CIRROSIS O HEPATITIS ALCOHÓLICA W/MCC
74141 | MH OTRAS ENFERMEDADES DEL SISTEMA BILIAR
74142 | MH OTRAS ENFERMEDADES DEL SISTEMA BILIAR W/CC
74143 | MH OTRAS ENFERMEDADES DEL SISTEMA BILIAR W/MCC
81011 | PH PROCEDIMIENTOS BILATERALES Y MÚLTIPLES DE ARTICULACIÓN MAYOR DE MIEMBRO INFERIOR
81012 | PH PROCEDIMIENTOS BILATERALES Y MÚLTIPLES DE ARTICULACIÓN MAYOR DE MIEMBRO INFERIOR W/CC
81013 | PH PROCEDIMIENTOS BILATERALES Y MÚLTIPLES DE ARTICULACIÓN MAYOR DE MIEMBRO INFERIOR W/MCC
81021 | PH AMPUTACIÓN
81022 | PH AMPUTACIÓN W/CC
81023 | PH AMPUTACIÓN W/MCC
81041 | PH PROCEDIMIENTOS SOBRE ARTICULACIÓN MAYOR O DE REIMPLANTE DE EXTREMIDAD INFERIOR
81042 | PH PROCEDIMIENTOS SOBRE ARTICULACIÓN MAYOR O DE REIMPLANTE DE EXTREMIDAD INFERIOR W/CC
81043 | PH PROCEDIMIENTOS SOBRE ARTICULACIÓN MAYOR O DE REIMPLANTE DE EXTREMIDAD INFERIOR W/MCC
81051 | PH PROCEDIMIENTOS SOBRE ARTICULACIÓN MAYOR O DE REIMPLANTE DE EXTREMIDAD SUPERIOR
81052 | PH PROCEDIMIENTOS SOBRE ARTICULACIÓN MAYOR O DE REIMPLANTE DE EXTREMIDAD SUPERIOR W/CC
81053 | PH PROCEDIMIENTOS SOBRE ARTICULACIÓN MAYOR O DE REIMPLANTE DE EXTREMIDAD SUPERIOR W/MCC
81061 | PH PROCEDIMIENTOS DE FUSIÓN ESPINAL POR DESVIACIÓN DE COLUMNA
81062 | PH PROCEDIMIENTOS DE FUSIÓN ESPINAL POR DESVIACIÓN DE COLUMNA W/CC
81063 | PH PROCEDIMIENTOS DE FUSIÓN ESPINAL POR DESVIACIÓN DE COLUMNA W/MCC
81071 | PH PROCEDIMIENTOS DE FUSIÓN ESPINAL EXCEPTO POR DESVIACIÓN DE COLUMNA
81072 | PH PROCEDIMIENTOS DE FUSIÓN ESPINAL EXCEPTO POR DESVIACIÓN DE COLUMNA W/CC
81073 | PH PROCEDIMIENTOS DE FUSIÓN ESPINAL EXCEPTO POR DESVIACIÓN DE COLUMNA W/MCC
81101 | PH PROCEDIMIENTOS DE RECONSTRUCCIÓN DE HUESOS FACIALES Y DE CRÁNEO
81102 | PH PROCEDIMIENTOS DE RECONSTRUCCIÓN DE HUESOS FACIALES Y DE CRÁNEO W/CC
81103 | PH PROCEDIMIENTOS DE RECONSTRUCCIÓN DE HUESOS FACIALES Y DE CRÁNEO W/MCC
81201 | PH PROCEDIMIENTOS SOBRE FÉMUR Y CADERA EXCEPTO ARTICULACIÓN MAYOR
81202 | PH PROCEDIMIENTOS SOBRE FÉMUR Y CADERA EXCEPTO ARTICULACIÓN MAYOR W/CC
81203 | PH PROCEDIMIENTOS SOBRE FÉMUR Y CADERA EXCEPTO ARTICULACIÓN MAYOR W/MCC
81301 | PH PROCEDIMIENTOS SOBRE PIE
81302 | PH PROCEDIMIENTOS SOBRE PIE W/CC
81303 | PH PROCEDIMIENTOS SOBRE PIE W/MCC
81401 | PH EXCISIÓN LOCAL O EXTRACCIÓN DE DISPOSITIVO DE FIJACIÓN INTERNA
81402 | PH EXCISIÓN LOCAL O EXTRACCIÓN DE DISPOSITIVO DE FIJACIÓN INTERNA W/CC
81403 | PH EXCISIÓN LOCAL O EXTRACCIÓN DE DISPOSITIVO DE FIJACIÓN INTERNA W/MCC
81501 | PH PROCEDIMIENTOS SOBRE TEJIDOS BLANDOS
81502 | PH PROCEDIMIENTOS SOBRE TEJIDOS BLANDOS W/CC
81503 | PH PROCEDIMIENTOS SOBRE TEJIDOS BLANDOS W/MCC
81601 | PH OTROS PROCEDIMIENTOS SOBRE TEJ. CONECTIVO Y SIST. MUSCULOESQUELÉTICO
81602 | PH OTROS PROCEDIMIENTOS SOBRE TEJ. CONECTIVO Y SIST. MUSCULOESQUELÉTICO W/CC
81603 | PH OTROS PROCEDIMIENTOS SOBRE TEJ. CONECTIVO Y SIST. MUSCULOESQUELÉTICO W/MCC
81701 | PH PROCEDIMIENTOS SOBRE RODILLA Y EXTREMIDAD INFERIOR EXCEPTO PIE
81702 | PH PROCEDIMIENTOS SOBRE RODILLA Y EXTREMIDAD INFERIOR EXCEPTO PIE W/CC
81703 | PH PROCEDIMIENTOS SOBRE RODILLA Y EXTREMIDAD INFERIOR EXCEPTO PIE W/MCC
81801 | PH PROCEDIMIENTOS SOBRE EXTREMIDAD SUPERIOR
81802 | PH PROCEDIMIENTOS SOBRE EXTREMIDAD SUPERIOR W/CC
81803 | PH PROCEDIMIENTOS SOBRE EXTREMIDAD SUPERIOR W/MCC
82100 | PA PROCEDIMIENTOS DE RECONSTRUCCIÓN DE HUESOS FACIALES Y DE CRÁNEO
82210 | PA PROCEDIMIENTOS SOBRE CADERA Y FÉMUR COMPLEJOS
82220 | PA PROCEDIMIENTOS SOBRE CADERA Y FÉMUR NO COMPLEJOS
82310 | PA PROCEDIMIENTOS DE BUNIONECTOMÍA Y SOBRE OTRAS DEFORMIDADES DEDOS DEL PIE
82320 | PA OTROS PROCEDIMIENTOS SOBRE PIE
82410 | PA ARTROTOMÍA, EXCISIÓN E INCISIÓN ÓSEAS
82420 | PA EXTRACCIÓN DE DISPOSITIVOS IMPLANTADOS EN EL HUESO
82510 | PA PROCEDIMIENTOS SOBRE TEJIDOS BLANDOS COMPLEJOS
82520 | PA PROCEDIMIENTOS SOBRE TEJIDOS BLANDOS NO COMPLEJOS
82610 | PA ARTROSCOPIA
82620 | PA OTROS PROCEDIMIENTOS SOBRE HUESO Y ARTICULACIÓN
82630 | PA INCISIONES, BIOPSIAS E INJERTOS ÓSEOS
82640 | PA PROCEDIMIENTOS SOBRE CARA Y CRÁNEO COMPLEJOS
82650 | PA PROCEDIMIENTOS SOBRE CARA Y CRÁNEO NO COMPLEJOS
82710 | PA PROCEDIMIENTOS SOBRE RODILLA Y EXTREMIDAD INFERIOR COMPLEJOS
82720 | PA PROCEDIMIENTOS SOBRE RODILLA Y EXTREMIDAD INFERIOR NO COMPLEJOS
82810 | PA PROCEDIMIENTOS SOBRE HOMBRO, BRAZO Y CODO COMPLEJOS
82820 | PA PROCEDIMIENTOS SOBRE HOMBRO, BRAZO Y CODO NO COMPLEJOS
82830 | PA PROCEDIMIENTOS SOBRE MUÑECA Y MANO COMPLEJOS
82840 | PA PROCEDIMIENTOS SOBRE MUÑECA Y MANO NO COMPLEJOS
83100 | PA TRATAMIENTO MANIPULATIVO OSTEOPÁTICOS
83110 | PA PROCEDIMIENTOS MUSCULOESQUELÉTICOS DIAGNÓSTICOS Y TERAPÉUTICOS
83120 | PA PROCEDIMIENTOS DE BIOPSIA ARTICULAR Y TRACCIÓN ESQUELÉTICA
83130 | PA REDUCCIÓN CERRADA DE FRACTURAS
83140 | PA REDUCCIÓN CERRADA DE FRACTURA FACIAL
83150 | PA APLICACIÓN DE FÉRULAS Y ESCAYOLAS
83160 | PA PROCEDIMIENTOS DE TERAPIA FÍSICA Y MUSCULOESQUELÉTICOS MENORES
83170 | PA COLOCACIÓN DE DISPOSITIVO DE MIEMBRO PROTÉSICO
84101 | MH FRACTURAS DE FÉMUR
84102 | MH FRACTURAS DE FÉMUR W/CC
84103 | MH FRACTURAS DE FÉMUR W/MCC
84111 | MH FRACTURAS DE PELVIS O LUXACIÓN DE CADERA
84112 | MH FRACTURAS DE PELVIS O LUXACIÓN DE CADERA W/CC
84113 | MH FRACTURAS DE PELVIS O LUXACIÓN DE CADERA W/MCC
84121 | MH FRACTURA O LUXACIÓN EXCEPTO DE PELVIS O FÉMUR
84122 | MH FRACTURA O LUXACIÓN EXCEPTO DE PELVIS O FÉMUR W/CC
84123 | MH FRACTURA O LUXACIÓN EXCEPTO DE PELVIS O FÉMUR W/MCC
84131 | MH FRACTURAS PATOLÓGICAS Y NEOPLASIAS MUSCULOESQUELÉTICAS Y DEL TEJIDO CONECTIVO
84132 | MH FRACTURAS PATOLÓGICAS Y NEOPLASIAS MUSCULOESQUELÉTICAS Y DEL TEJIDO CONECTIVO W/CC
84133 | MH FRACTURAS PATOLÓGICAS Y NEOPLASIAS MUSCULOESQUELÉTICAS Y DEL TEJIDO CONECTIVO W/MCC
84141 | MH OSTEOMIELITIS
84142 | MH OSTEOMIELITIS W/CC
84143 | MH OSTEOMIELITIS W/MCC
84151 | MH ARTRITIS SÉPTICA
84152 | MH ARTRITIS SÉPTICA W/CC
84153 | MH ARTRITIS SÉPTICA W/MCC
84161 | MH ENFERMEDADES DEL TEJIDO CONECTIVO
84162 | MH ENFERMEDADES DEL TEJIDO CONECTIVO W/CC
84163 | MH ENFERMEDADES DEL TEJIDO CONECTIVO W/MCC
84171 | MH PROBLEMAS MÉDICOS DE LA ESPALDA
84172 | MH PROBLEMAS MÉDICOS DE LA ESPALDA W/CC
84173 | MH PROBLEMAS MÉDICOS DE LA ESPALDA W/MCC
84181 | MH OTRAS ENFERMEDADES ÓSEAS Y ARTICULARES
84182 | MH OTRAS ENFERMEDADES ÓSEAS Y ARTICULARES W/CC
84183 | MH OTRAS ENFERMEDADES ÓSEAS Y ARTICULARES W/MCC
84191 | MH COMPLICACIÓN, DISFUNCIÓN O REACCIÓN POR PROCEDIMIENTO O DISPOSITIVO ORTOPÉDICO
84192 | MH COMPLICACIÓN, DISFUNCIÓN O REACCIÓN POR PROCEDIMIENTO O DISPOSITIVO ORTOPÉDICO W/CC
84193 | MH COMPLICACIÓN, DISFUNCIÓN O REACCIÓN POR PROCEDIMIENTO O DISPOSITIVO ORTOPÉDICO W/MCC
84201 | MH ESGUINCES, SIGNOS Y SÍNTOMAS MUSCULOESQUELÉTICOS E INFLAMACIONES MENORES
84202 | MH ESGUINCES, SIGNOS Y SÍNTOMAS MUSCULOESQUELÉTICOS E INFLAMACIONES MENORES W/CC
84203 | MH ESGUINCES, SIGNOS Y SÍNTOMAS MUSCULOESQUELÉTICOS E INFLAMACIONES MENORES W/MCC
84211 | MH OTROS DIAGNÓSTICOS DEL SISTEMA MUSCULOESQUELÉTICO Y TEJIDO CONECTIVO
84212 | MH OTROS DIAGNÓSTICOS DEL SISTEMA MUSCULOESQUELÉTICO Y TEJIDO CONECTIVO W/CC
84213 | MH OTROS DIAGNÓSTICOS DEL SISTEMA MUSCULOESQUELÉTICO Y TEJIDO CONECTIVO W/MCC
91201 | PH INJERTO DE PIEL CON QUEMADURA
91202 | PH INJERTO DE PIEL CON QUEMADURA W/CC
91203 | PH INJERTO DE PIEL CON QUEMADURA W/MCC
91301 | PH INJERTO DE PIEL SIN QUEMADURA
91302 | PH INJERTO DE PIEL SIN QUEMADURA W/CC
91303 | PH INJERTO DE PIEL SIN QUEMADURA W/MCC
91401 | PH OTRAS PROCEDIMIENTOS SOBRE PIEL, TEJIDO SUBCUTÁNEO Y MAMA
91402 | PH OTRAS PROCEDIMIENTOS SOBRE PIEL, TEJIDO SUBCUTÁNEO Y MAMA W/CC
91403 | PH OTRAS PROCEDIMIENTOS SOBRE PIEL, TEJIDO SUBCUTÁNEO Y MAMA W/MCC
91501 | PH PROCEDIMIENTOS SOBRE MAMA
91502 | PH PROCEDIMIENTOS SOBRE MAMA W/CC
91503 | PH PROCEDIMIENTOS SOBRE MAMA W/MCC
92210 | PA INJERTO DE PIEL COMPLEJO CON QUEMADURA
92220 | PA INJERTO DE PIEL NO COMPLEJO CON QUEMADURA
92310 | PA INJERTO COMPLEJO DE PIEL SIN QUEMADURA
92320 | PA INJERTO DE PIEL NO COMPLEJO SIN QUEMADURA
92410 | PA OPERACIONES DE CIRUGÍA PLÁSTICA
92420 | PA OTRAS OPERACIONES DE LA PIEL Y TEJIDO SUBCUTÁNEO
92510 | PA MASTECTOMÍA
92520 | PA PROCEDIMIENTOS SOBRE MAMA COMPLEJOS EXCEPTO MASTECTOMÍA
92530 | PA PROCEDIMIENTOS SOBRE MAMA NO COMPLEJOS EXCEPTO MASTECTOMÍA
93100 | PA OTROS PROCEDIMIENTOS SOBRE MAMA NO COMPLEJOS
93110 | PA PROCEDIMIENTOS SOBRE LA PIEL COMPLEJOS
93120 | PA PROCEDIMIENTOS SOBRE LA PIEL NO COMPLEJOS
94101 | MH ENFERMEDADES MAYORES DE LA PIEL
94102 | MH ENFERMEDADES MAYORES DE LA PIEL W/CC
94103 | MH ENFERMEDADES MAYORES DE LA PIEL W/MCC
94111 | MH ENFERMEDADES MALIGNAS DE LA MAMA
94112 | MH ENFERMEDADES MALIGNAS DE LA MAMA W/CC
94113 | MH ENFERMEDADES MALIGNAS DE LA MAMA W/MCC
94121 | MH CELULITIS
94122 | MH CELULITIS W/CC
94123 | MH CELULITIS W/MCC
94131 | MH TRAUMATISMO DE PIEL, TEJIDO SUBCUTÁNEO Y MAMA
94132 | MH TRAUMATISMO DE PIEL, TEJIDO SUBCUTÁNEO Y MAMA W/CC
94133 | MH TRAUMATISMO DE PIEL, TEJIDO SUBCUTÁNEO Y MAMA W/MCC
94141 | MH OTRAS ENFERMEDADES DE PIEL Y MAMA
94142 | MH OTRAS ENFERMEDADES DE PIEL Y MAMA W/CC
94143 | MH OTRAS ENFERMEDADES DE PIEL Y MAMA W/MCC
101011 | PH PROCEDIMIENTOS SOBRE LA PITUITARIA Y LA GLÁNDULA PINEAL
101012 | PH PROCEDIMIENTOS SOBRE LA PITUITARIA Y LA GLÁNDULA PINEAL W/CC
101013 | PH PROCEDIMIENTOS SOBRE LA PITUITARIA Y LA GLÁNDULA PINEAL W/MCC
101101 | PH PROCEDIMIENTOS SOBRE LAS GLÁNDULAS SUPRARRENALES
101102 | PH PROCEDIMIENTOS SOBRE LAS GLÁNDULAS SUPRARRENALES W/CC
101103 | PH PROCEDIMIENTOS SOBRE LAS GLÁNDULAS SUPRARRENALES W/MCC
101201 | PH PROCEDIMIENTOS SOBRE TIROIDES, PARATIROIDES Y CONDUCTO TIROGLOSO
101202 | PH PROCEDIMIENTOS SOBRE TIROIDES, PARATIROIDES Y CONDUCTO TIROGLOSO W/CC
101203 | PH PROCEDIMIENTOS SOBRE TIROIDES, PARATIROIDES Y CONDUCTO TIROGLOSO W/MCC
102210 | PA PROCEDIMIENTOS SOBRE TIROIDES Y PARATIROIDES COMPLEJOS
102220 | PA PROCEDIMIENTOS SOBRE TIROIDES, PARATIROIDES Y CONDUCTO TIROGLOSO NO COMPLEJOS
103100 | PA PROCEDIMIENTOS DIAGNÓSTICOS ENDOCRINOS
104101 | MH DIABETES Y ENFERMEDADES METABÓLICAS Y NUTRICIONALES
104102 | MH DIABETES Y ENFERMEDADES METABÓLICAS Y NUTRICIONALES W/CC
104103 | MH DIABETES Y ENFERMEDADES METABÓLICAS Y NUTRICIONALES W/MCC
104111 | MH HIPOVOLEMIA Y TRASTORNOS ELECTROLÍTICOS
104112 | MH HIPOVOLEMIA Y TRASTORNOS ELECTROLÍTICOS W/CC
104113 | MH HIPOVOLEMIA Y TRASTORNOS ELECTROLÍTICOS W/MCC
104121 | MH ERRORES CONGÉNITOS DE METABOLISMO
104122 | MH ERRORES CONGÉNITOS DE METABOLISMO W/CC
104123 | MH ERRORES CONGÉNITOS DE METABOLISMO W/MCC
104131 | MH OTROS TRASTORNOS ENDOCRINOS
104132 | MH OTROS TRASTORNOS ENDOCRINOS W/CC
104133 | MH OTROS TRASTORNOS ENDOCRINOS W/MCC
111011 | PH TRASPLANTE DE RIÑÓN
111012 | PH TRASPLANTE DE RIÑÓN W/CC
111013 | PH TRASPLANTE DE RIÑÓN W/MCC
111111 | PH PROCEDIMIENTOS SOBRE VEJIGA COMPLEJOS
111112 | PH PROCEDIMIENTOS SOBRE VEJIGA COMPLEJOS W/CC
111113 | PH PROCEDIMIENTOS SOBRE VEJIGA COMPLEJOS W/MCC
111121 | PH CREACIÓN, REVISIÓN Y EXTRACCIÓN DE DISPOSITIVO DE DIÁLISIS
111122 | PH CREACIÓN, REVISIÓN Y EXTRACCIÓN DE DISPOSITIVO DE DIÁLISIS W/CC
111123 | PH CREACIÓN, REVISIÓN Y EXTRACCIÓN DE DISPOSITIVO DE DIÁLISIS W/MCC
111201 | PH OPERACIONES DEL TRACTO URINARIO SUPERIOR
111202 | PH OPERACIONES DEL TRACTO URINARIO SUPERIOR W/CC
111203 | PH OPERACIONES DEL TRACTO URINARIO SUPERIOR W/MCC
111301 | PH PROCEDIMIENTOS SOBRE TRACTO URINARIO INFERIOR Y VEJIGA
111302 | PH PROCEDIMIENTOS SOBRE TRACTO URINARIO INFERIOR Y VEJIGA W/CC
111303 | PH PROCEDIMIENTOS SOBRE TRACTO URINARIO INFERIOR Y VEJIGA W/MCC
111401 | PH PROCEDIMIENTOS URETRALES Y TRANSURETRALES
111402 | PH PROCEDIMIENTOS URETRALES Y TRANSURETRALES W/CC
111403 | PH PROCEDIMIENTOS URETRALES Y TRANSURETRALES W/MCC
112110 | PA PROCEDIMIENTOS SOBRE VEJIGA COMPLEJOS
112120 | PA CREACIÓN, REVISIÓN Y EXTRACCIÓN DE DISPOSITIVO DE DIÁLISIS
112210 | PA LITOTRICIA POR ONDA DE CHOQUE EXTRACORPÓREA
112220 | PA PROCEDIMIENTOS SOBRE RIÑÓN Y URÉTER COMPLEJOS
112230 | PA PROCEDIMIENTOS SOBRE RIÑÓN Y URÉTER MODERADAMENTE COMPLEJOS
112240 | PA PROCEDIMIENTOS SOBRE RIÑÓN Y URÉTER NO COMPLEJOS
112310 | PA PROCEDIMIENTOS SOBRE VEJIGA Y URETRA COMPLEJOS
112320 | PA PROCEDIMIENTOS SOBRE VEJIGA Y URETRA NO COMPLEJOS
112410 | PA PROCEDIMIENTOS SOBRE URETRA Y TRANSURETRALES COMPLEJOS
112420 | PA PROCEDIMIENTOS SOBRE URETRA Y TRANSURETRALES NO COMPLEJOS
113100 | PA PROCEDIMIENTOS AMBULATORIOS SOBRE RIÑÓN Y URÉTER
113110 | PA ESTUDIOS DEL FLUJO Y OTROS DIAGNÓSTICOS DEL TRACTO URINARIO
113120 | PA CISTOSCOPIA Y ENDOSCOPIA DEL TRACTO URINARIO NO COMPLEJA
113130 | PA ENDOSCOPIA DEL TRACTO URINARIO COMPLEJA
113140 | PA OTROS PROCEDIMIENTOS SOBRE TRACTO URINARIO NO COMPLEJOS
113150 | PA DIÁLISIS
114101 | MH NEOPLASIA DE RIÑÓN Y TRACTO URINARIO E INSUFICIENCIA RENAL
114102 | MH NEOPLASIA DE RIÑÓN Y TRACTO URINARIO E INSUFICIENCIA RENAL W/CC
114103 | MH NEOPLASIA DE RIÑÓN Y TRACTO URINARIO E INSUFICIENCIA RENAL W/MCC
114111 | MH NEFRITIS
114112 | MH NEFRITIS W/CC
114113 | MH NEFRITIS W/MCC
114121 | MH INFECCIONES DE RIÑÓN Y TRACTO URINARIO
114122 | MH INFECCIONES DE RIÑÓN Y TRACTO URINARIO W/CC
114123 | MH INFECCIONES DE RIÑÓN Y TRACTO URINARIO W/MCC
114131 | MH LITIASIS RENAL
114132 | MH LITIASIS RENAL W/CC
114133 | MH LITIASIS RENAL W/MCC
114141 | MH DISFUNCIÓN, REACCIÓN O COMPL. POR DISP., INJ. O TRAS. DEL TRACTO URINARIO
114142 | MH DISFUNCIÓN, REACCIÓN O COMPL. POR DISP., INJ. O TRAS. DEL TRACTO URINARIO W/CC
114143 | MH DISFUNCIÓN, REACCIÓN O COMPL. POR DISP., INJ. O TRAS. DEL TRACTO URINARIO W/MCC
114151 | MH SIGNOS Y SÍNTOMAS DE RIÑÓN Y TRACTO URINARIO
114152 | MH SIGNOS Y SÍNTOMAS DE RIÑÓN Y TRACTO URINARIO W/CC
114153 | MH SIGNOS Y SÍNTOMAS DE RIÑÓN Y TRACTO URINARIO W/MCC
114161 | MH OTROS DIAGNÓSTICOS DE RIÑÓN Y TRACTO URINARIO
114162 | MH OTROS DIAGNÓSTICOS DE RIÑÓN Y TRACTO URINARIO W/CC
114163 | MH OTROS DIAGNÓSTICOS DE RIÑÓN Y TRACTO URINARIO W/MCC
121101 | PH PROSTATECTOMÍA COMPLEJA
121102 | PH PROSTATECTOMÍA COMPLEJA W/CC
121103 | PH PROSTATECTOMÍA COMPLEJA W/MCC
121111 | PH PROCEDIMIENTOS SOBRE PENE
121112 | PH PROCEDIMIENTOS SOBRE PENE W/CC
121113 | PH PROCEDIMIENTOS SOBRE PENE W/MCC
121121 | PH PROCEDIMIENTOS SOBRE PRÓSTATA Y ESCROTO MODERADAMENTE COMPLEJOS
121122 | PH PROCEDIMIENTOS SOBRE PRÓSTATA Y ESCROTO MODERADAMENTE COMPLEJOS W/CC
121123 | PH PROCEDIMIENTOS SOBRE PRÓSTATA Y ESCROTO MODERADAMENTE COMPLEJOS W/MCC
121131 | PH PROCEDIMIENTOS SOBRE PRÓSTATA Y ESCROTO NO COMPLEJOS
121132 | PH PROCEDIMIENTOS SOBRE PRÓSTATA Y ESCROTO NO COMPLEJOS W/CC
121133 | PH PROCEDIMIENTOS SOBRE PRÓSTATA Y ESCROTO NO COMPLEJOS W/MCC
121141 | PH PROSTATECTOMÍA TRANSURETRAL
121142 | PH PROSTATECTOMÍA TRANSURETRAL W/CC
121143 | PH PROSTATECTOMÍA TRANSURETRAL W/MCC
121151 | PH CIRCUNCISIÓN
121152 | PH CIRCUNCISIÓN W/CC
121153 | PH CIRCUNCISIÓN W/MCC
122100 | PA PROSTATECTOMÍA COMPLEJA
122110 | PA PROCEDIMIENTOS SOBRE PENE
122120 | PA PROCEDIMIENTOS SOBRE PRÓSTATA Y ESCROTO MODERADAMENTE COMPLEJOS
122130 | PA PROCEDIMIENTOS SOBRE PRÓSTATA Y ESCROTO NO COMPLEJOS
122140 | PA PROSTATECTOMÍA TRANSURETRAL
122150 | PA CIRCUNCISIÓN
123100 | PA ESTERILIZACIÓN DE VARÓN
123110 | PA PROCED. TERAP. Y DIAG. SOBRE APARATO GENITAL MASCULINO
123120 | PA OTROS PROCEDIMIENTOS SOBRE APARATO GENITAL MASCULINO
124101 | MH NEOPLASIA DEL APARATO REPRODUCTOR MASCULINO
124102 | MH NEOPLASIA DEL APARATO REPRODUCTOR MASCULINO W/CC
124103 | MH NEOPLASIA DEL APARATO REPRODUCTOR MASCULINO W/MCC
124111 | MH ENF. DEL APARATO REPRODUCTOR MASCULINO EXCEPTO NEOPLASIA
124112 | MH ENF. DEL APARATO REPRODUCTOR MASCULINO EXCEPTO NEOPLASIA W/CC
124113 | MH ENF. DEL APARATO REPRODUCTOR MASCULINO EXCEPTO NEOPLASIA W/MCC
131011 | PH EVISCERACIÓN PÉLVICA, HISTERECTOMÍA Y VULVECTOMÍA RADICAL
131012 | PH EVISCERACIÓN PÉLVICA, HISTERECTOMÍA Y VULVECTOMÍA RADICAL W/CC
131013 | PH EVISCERACIÓN PÉLVICA, HISTERECTOMÍA Y VULVECTOMÍA RADICAL W/MCC
131101 | PH ABORTO
131102 | PH ABORTO W/CC
131103 | PH ABORTO W/MCC
131111 | PH PROCEDIMIENTOS SOBRE ÚTERO Y CUELLO, DILATACIÓN Y LEGRADO
131112 | PH PROCEDIMIENTOS SOBRE ÚTERO Y CUELLO, DILATACIÓN Y LEGRADO W/CC
131113 | PH PROCEDIMIENTOS SOBRE ÚTERO Y CUELLO, DILATACIÓN Y LEGRADO W/MCC
131121 | PH INTERRUPCIÓN TUBÁRICA ABIERTA
131122 | PH INTERRUPCIÓN TUBÁRICA ABIERTA W/CC
131123 | PH INTERRUPCIÓN TUBÁRICA ABIERTA W/MCC
131131 | PH INTERRUPCIÓN TUBÁRICA ENDOSCÓPICA
131132 | PH INTERRUPCIÓN TUBÁRICA ENDOSCÓPICA W/CC
131133 | PH INTERRUPCIÓN TUBÁRICA ENDOSCÓPICA W/MCC
131201 | PH PROCEDIMIENTOS SOBRE ÚTERO Y ANEXOS
131202 | PH PROCEDIMIENTOS SOBRE ÚTERO Y ANEXOS W/CC
131203 | PH PROCEDIMIENTOS SOBRE ÚTERO Y ANEXOS W/MCC
131301 | PH HISTERECTOMIA VAGINAL Y OTROS PROCEDIMIENTOS POR VIA VAGINAL
131302 | PH HISTERECTOMIA VAGINAL Y OTROS PROCEDIMIENTOS POR VIA VAGINAL W/CC
131303 | PH HISTERECTOMIA VAGINAL Y OTROS PROCEDIMIENTOS POR VIA VAGINAL W/MCC
132100 | PA ABORTO
132110 | PA PROCEDIMIENTOS SOBRE ÚTERO Y CUELLO, DILATACIÓN Y LEGRADO
132120 | PA INTERRUPCIÓN TUBÁRICA ABIERTA
132130 | PA INTERRUPCIÓN TUBÁRICA ENDOSCÓPICA
132210 | PA PROCEDIMIENTOS ABIERTOS SOBRE PELVIS COMPLEJOS
132220 | PA PROCEDIMIENTOS ABIERTOS SOBRE PELVIS NO COMPLEJOS
132230 | PA LAPAROSCOPIA GINECOLÓGICA
132310 | PA HISTERECTOMÍA VAGINAL Y PROCED. SOBRE VAGINA COMPLEJOS
132320 | PA REPARACIÓN DE CISTOCELE Y PROCED. VULVOVAGINALES INTERMEDIOS
132330 | PA PROCEDIMIENTOS VULVOVAGINALES NO COMPLEJOS
132340 | PA OTROS PROCEDIMIENTOS GINECOLÓGICOS
133100 | PA ENDOSCOPIA Y PROCEDIMIENTOS GINECOLÓGICOS NO COMPLEJOS
133110 | PA PROCEDIMIENTOS GINECOLÓGICOS MODERADAMENTE COMPLEJOS
133120 | PA PROCEDIMIENTOS GINECOLÓGICOS NO COMPLEJOS
134101 | MH NEOPLASIA DEL APARATO REPRODUCTOR FEMENINO
134102 | MH NEOPLASIA DEL APARATO REPRODUCTOR FEMENINO W/CC
134103 | MH NEOPLASIA DEL APARATO REPRODUCTOR FEMENINO W/MCC
134111 | MH INFECCIÓN DEL APARATO REPRODUCTOR FEMENINO
134112 | MH INFECCIÓN DEL APARATO REPRODUCTOR FEMENINO W/CC
134113 | MH INFECCIÓN DEL APARATO REPRODUCTOR FEMENINO W/MCC
134121 | MH OTRAS ENFERMEDADES DEL APARATO REPRODUCTOR FEMENINO
134122 | MH OTRAS ENFERMEDADES DEL APARATO REPRODUCTOR FEMENINO W/CC
134123 | MH OTRAS ENFERMEDADES DEL APARATO REPRODUCTOR FEMENINO W/MCC
134131 | MH ABORTO
134132 | MH ABORTO W/CC
134133 | MH ABORTO W/MCC
134141 | MH AMENAZA DE ABORTO
134142 | MH AMENAZA DE ABORTO W/CC
134143 | MH AMENAZA DE ABORTO W/MCC
134151 | MH FALSO TRABAJO DEL PARTO
134152 | MH FALSO TRABAJO DEL PARTO W/CC
134153 | MH FALSO TRABAJO DEL PARTO W/MCC
134161 | MH TRASTORNOS DEL ANTEPARTO
134162 | MH TRASTORNOS DEL ANTEPARTO W/CC
134163 | MH TRASTORNOS DEL ANTEPARTO W/MCC
134171 | MH TRASTORNOS DEL POSTPARTO
134172 | MH TRASTORNOS DEL POSTPARTO W/CC
134173 | MH TRASTORNOS DEL POSTPARTO W/MCC
146101 | PH CESÁREA
146102 | PH CESÁREA W/CC
146103 | PH CESÁREA W/MCC
146111 | PH PARTO VAGINAL CON ESTERILIZACIÓN Y/O DILATACIÓN Y LEGRADO
146112 | PH PARTO VAGINAL CON ESTERILIZACIÓN Y/O DILATACIÓN Y LEGRADO W/CC
146113 | PH PARTO VAGINAL CON ESTERILIZACIÓN Y/O DILATACIÓN Y LEGRADO W/MCC
146121 | PH PARTO VAGINAL CON PROCED., EXCEPTO ESTERILIZACIÓN Y/O DILATACIÓN Y LEGRADO
146122 | PH PARTO VAGINAL CON PROCED., EXCEPTO ESTERILIZACIÓN Y/O DILATACIÓN Y LEGRADO W/CC
146123 | PH PARTO VAGINAL CON PROCED., EXCEPTO ESTERILIZACIÓN Y/O DILATACIÓN Y LEGRADO W/MCC
146131 | PH PARTO VAGINAL
146132 | PH PARTO VAGINAL W/CC
146133 | PH PARTO VAGINAL W/MCC
147100 | PA CESÁREA
147120 | PA PARTO VAGINAL CON PROCEDIMIENTO, EXCEPTO ESTERILIZACIÓN Y/O DILATACIÓN Y LEGRADO
147130 | PA PARTO VAGINAL
158013 | PH NEONATO CON TRASPLANTE DE ÓRGANO U OXIGENACIÓN POR MEMBRANA EXTRACORPÓREA W/MCC
158021 | PH NEONATO, PESO AL NACER <1000 GR CON PROCEDIMIENTO MAYOR
158022 | PH NEONATO, PESO AL NACER <1000 GR CON PROCEDIMIENTO MAYOR W/CC
158023 | PH NEONATO, PESO AL NACER <1000 GR CON PROCEDIMIENTO MAYOR W/MCC
158031 | PH NEONATO, PESO AL NACER <1000 GR SIN PROCEDIMIENTO MAYOR
158032 | PH NEONATO, PESO AL NACER <1000 GR SIN PROCEDIMIENTO MAYOR W/CC
158033 | PH NEONATO, PESO AL NACER <1000 GR SIN PROCEDIMIENTO MAYOR W/MCC
158042 | PH NEONATO, PESO AL NACER 1000-1499 GR CON PROCEDIMIENTO MAYOR W/CC
158043 | PH NEONATO, PESO AL NACER 1000-1499 GR CON PROCEDIMIENTO MAYOR W/MCC
158051 | PH NEONATO, PESO AL NACER 1500-1999 GR CON PROCEDIMIENTO MAYOR
158052 | PH NEONATO, PESO AL NACER 1500-1999 GR CON PROCEDIMIENTO MAYOR W/CC
158053 | PH NEONATO, PESO AL NACER 1500-1999 GR CON PROCEDIMIENTO MAYOR W/MCC
158061 | PH NEONATO, PESO AL NACER 2000-2499 GR CON PROCEDIMIENTO MAYOR
158062 | PH NEONATO, PESO AL NACER 2000-2499 GR CON PROCEDIMIENTO MAYOR W/CC
158063 | PH NEONATO, PESO AL NACER 2000-2499 GR CON PROCEDIMIENTO MAYOR W/MCC
158071 | PH NEONATO, PESO AL NACER >2499 GR CON PROCEDIMIENTO MAYOR
158072 | PH NEONATO, PESO AL NACER >2499 GR CON PROCEDIMIENTO MAYOR W/CC
158073 | PH NEONATO, PESO AL NACER >2499 GR CON PROCEDIMIENTO MAYOR W/MCC
158081 | PH NEONATO, PESO AL NACER >2499 GR CON DISTRESS RESPIRATORIO
158082 | PH NEONATO, PESO AL NACER >2499 GR CON DISTRESS RESPIRATORIO W/CC
158083 | PH NEONATO, PESO AL NACER >2499 GR CON DISTRESS RESPIRATORIO W/MCC
158101 | MH NEONATO MUERTO O TRANSFERIDO A HOSPITAL DE AGUDOS, CON EDAD <5 DIAS AL ALTA
158102 | MH NEONATO MUERTO O TRANSFERIDO A HOSPITAL DE AGUDOS, CON EDAD <5 DIAS AL ALTA W/CC
158103 | MH NEONATO MUERTO O TRANSFERIDO A HOSPITAL DE AGUDOS, CON EDAD <5 DIAS AL ALTA W/MCC
158111 | MH NEONATO, PESO AL NACER 1000-1499 GR SIN PROCEDIMIENTO MAYOR
158112 | MH NEONATO, PESO AL NACER 1000-1499 GR SIN PROCEDIMIENTO MAYOR W/CC
158113 | MH NEONATO, PESO AL NACER 1000-1499 GR SIN PROCEDIMIENTO MAYOR W/MCC
158121 | MH NEONATO, PESO AL NACER 1500-1999 GR SIN PROCEDIMIENTO MAYOR
158122 | MH NEONATO, PESO AL NACER 1500-1999 GR SIN PROCEDIMIENTO MAYOR W/CC
158123 | MH NEONATO, PESO AL NACER 1500-1999 GR SIN PROCEDIMIENTO MAYOR W/MCC
158131 | MH NEONATO, PESO AL NACER 2000-2499 GR SIN PROCEDIMIENTO MAYOR
158132 | MH NEONATO, PESO AL NACER 2000-2499 GR SIN PROCEDIMIENTO MAYOR W/CC
158133 | MH NEONATO, PESO AL NACER 2000-2499 GR SIN PROCEDIMIENTO MAYOR W/MCC
158141 | MH NEONATO, PESO AL NACER >2499 GR CON ANOMALÍA MAYOR O PROBLEMAS HEREDITARIOS
158142 | MH NEONATO, PESO AL NACER >2499 GR CON ANOMALÍA MAYOR O PROBLEMAS HEREDITARIOS W/CC
158143 | MH NEONATO, PESO AL NACER >2499 GR CON ANOMALÍA MAYOR O PROBLEMAS HEREDITARIOS W/MCC
158151 | MH NEONATO, PESO AL NACER >2499 GR CON SÍNDROME DE ASPIRACIÓN
158152 | MH NEONATO, PESO AL NACER >2499 GR CON SÍNDROME DE ASPIRACIÓN W/CC
158153 | MH NEONATO, PESO AL NACER >2499 GR CON SÍNDROME DE ASPIRACIÓN W/MCC
158161 | MH NEONATO, PESO AL NACER >2499 GR CON INFECCIÓN CONGÉNITA/PERINATAL
158162 | MH NEONATO, PESO AL NACER >2499 GR CON INFECCIÓN CONGÉNITA/PERINATAL W/CC
158163 | MH NEONATO, PESO AL NACER >2499 GR CON INFECCIÓN CONGÉNITA/PERINATAL W/MCC
158171 | MH NEONATO, PESO AL NACER >2499 GR SIN PROCEDIMIENTO MAYOR
158172 | MH NEONATO, PESO AL NACER >2499 GR SIN PROCEDIMIENTO MAYOR W/CC
158173 | MH NEONATO, PESO AL NACER >2499 GR SIN PROCEDIMIENTO MAYOR W/MCC
159140 | MA NEONATO, PESO AL NACER >2499 GRS CON ANOMALÍA MAYOR O PROBLEMAS HEREDITARIOS
159160 | MA NEONATO, PESO AL NACER >2499 GR CON INFECCIÓN CONGÉNITA/PERINATAL
159170 | MA NEONATO, PESO AL NACER >2499 GR
161101 | PH TRASPLANTE ALOGÉNICO DE MÉDULA ÓSEA
161102 | PH TRASPLANTE ALOGÉNICO DE MÉDULA ÓSEA W/CC
161103 | PH TRASPLANTE ALOGÉNICO DE MÉDULA ÓSEA W/MCC
161111 | PH TRASPLANTE AUTÓLOGO DE MÉDULA ÓSEA
161112 | PH TRASPLANTE AUTÓLOGO DE MÉDULA ÓSEA W/CC
161113 | PH TRASPLANTE AUTÓLOGO DE MÉDULA ÓSEA W/MCC
161121 | PH PROCEDIMIENTOS SOBRE EL BAZO
161122 | PH PROCEDIMIENTOS SOBRE EL BAZO W/CC
161123 | PH PROCEDIMIENTOS SOBRE EL BAZO W/MCC
161201 | PH OTROS PROCEDIMIENTOS SOBRE SANGRE Y ÓRGANOS HEMATOPOYÉTICOS
161202 | PH OTROS PROCEDIMIENTOS SOBRE SANGRE Y ÓRGANOS HEMATOPOYÉTICOS W/CC
161203 | PH OTROS PROCEDIMIENTOS SOBRE SANGRE Y ÓRGANOS HEMATOPOYÉTICOS W/MCC
162110 | PA TRASPLANTE AUTÓLOGO DE MÉDULA ÓSEA
162120 | PA PROCEDIMIENTOS SOBRE EL BAZO
162210 | PA PROCEDIMIENTOS SOBRE GANGLIOS LINFÁTICOS Y TIMO COMPLEJOS
162220 | PA PROCEDIMIENTO SOBRE GANGLIOS LINFÁTICOS Y TIMO NO COMPLEJOS
163100 | PA TRANSFUSIÓN Y PROCEDIMIENTOS TERAPÉUTICOS SOBRE MÉDULA ÓSEA
163110 | PA PROCEDIMIENTOS DIAGNÓSTICOS SOBRE SANGRE Y ÓRGANOS HEMATOPOYÉTICOS
164101 | MH AGRANULOCITOSIS
164102 | MH AGRANULOCITOSIS W/CC
164103 | MH AGRANULOCITOSIS W/MCC
164111 | MH TRASTORNOS DE COAGULACIÓN
164112 | MH TRASTORNOS DE COAGULACIÓN W/CC
164113 | MH TRASTORNOS DE COAGULACIÓN W/MCC
164121 | MH CRISIS DE ANEMIA FALCIFORME
164122 | MH CRISIS DE ANEMIA FALCIFORME  W/CC
164123 | MH CRISIS DE ANEMIA FALCIFORME  W/MCC
164131 | MH TRASTORNOS DE LOS HEMATÍES EXCEPTO CRISIS DE ANEMIA FALCIFORME
164132 | MH TRASTORNOS DE LOS HEMATÍES EXCEPTO CRISIS DE ANEMIA FALCIFORME W/CC
164133 | MH TRASTORNOS DE LOS HEMATÍES EXCEPTO CRISIS DE ANEMIA FALCIFORME W/MCC
164141 | MH OTROS TRASTORNOS DE LA SANGRE Y ÓRGANOS HEMATOPOYÉTICOS
164142 | MH OTROS TRASTORNOS DE LA SANGRE Y ÓRGANOS HEMATOPOYÉTICOS W/CC
164143 | MH OTROS TRASTORNOS DE LA SANGRE Y ÓRGANOS HEMATOPOYÉTICOS W/MCC
173100 | PA RADIOTERAPIA
173110 | PA QUIMIOTERAPIA POR NEOPLASIA DE PULMÓN Y VEJIGA
173120 | PA QUIMIOTERAPIA POR NEOPLASIA DE COLON
173130 | PA QUIMIOTERAPIA POR NEOPLASIA DE MAMA O DE OVARIO
173140 | PA QUIMIOTERAPIA POR NEOPLASIA GASTROINTESTINAL
173150 | PA QUIMIOTERAPIA POR MELANOMA O NEOPLASIA DE RIÑÓN O PRÓSTATA
173160 | PA QUIMIOTERAPIA POR NEOPLASIA CEREBRAL
173170 | PA QUIMIOTERAPIA POR NEOPLASIA DE CABEZA O CUELLO
173180 | PA QUIMIOTERAPIA POR LEUCEMIA AGUDA
173190 | PA QUIMIOTERAPIA POR LINFOMA, MIELOMA O NEOPLASIA TESTICULAR
173200 | PA QUIMIOTERAPIA POR NEOPLASIA DE PIEL
173210 | PA QUIMIOTERAPIA POR NEOPLASIA GINECOLÓGICA
173220 | PA QUIMIOTERAPIA POR METÁSTASIS
173230 | PA QUIMIOTERAPIA POR OTRA NEOPLASIA
174101 | MH LEUCEMIA AGUDA
174102 | MH LEUCEMIA AGUDA W/CC
174103 | MH LEUCEMIA AGUDA W/MCC
174111 | MH LINFOMA Y LEUCEMIA NO AGUDA
174112 | MH LINFOMA Y LEUCEMIA NO AGUDA W/CC
174113 | MH LINFOMA Y LEUCEMIA NO AGUDA W/MCC
174121 | MH RADIOTERAPIA
174122 | MH RADIOTERAPIA W/CC
174123 | MH RADIOTERAPIA W/MCC
174131 | MH QUIMIOTERAPIA
174132 | MH QUIMIOTERAPIA W/CC
174133 | MH QUIMIOTERAPIA W/MCC
174141 | MH OTROS TRASTORNOS MIELOPROLIFERATIVOS Y NEOPLASIAS MAL DIFERENCIADAS
174142 | MH OTROS TRASTORNOS MIELOPROLIFERATIVOS Y NEOPLASIAS MAL DIFERENCIADAS W/CC
174143 | MH OTROS TRASTORNOS MIELOPROLIFERATIVOS Y NEOPLASIAS MAL DIFERENCIADAS W/MCC
184101 | MH SEPTICEMIA
184102 | MH SEPTICEMIA W/CC
184103 | MH SEPTICEMIA W/MCC
184111 | MH INFECCIÓN TRAS CIRUGÍA Y POST-TRAUMÁTICA
184112 | MH INFECCIÓN TRAS CIRUGÍA Y POST-TRAUMÁTICA W/CC
184113 | MH INFECCIÓN TRAS CIRUGÍA Y POST-TRAUMÁTICA W/MCC
184121 | MH FIEBRE
184122 | MH FIEBRE W/CC
184123 | MH FIEBRE W/MCC
184131 | MH INFECCIÓN NO BACTERIANA
184132 | MH INFECCIÓN NO BACTERIANA W/CC
184133 | MH INFECCIÓN NO BACTERIANA W/MCC
184141 | MH OTRAS ENFERMEDADES BACTERIANAS O PARASITARIAS
184142 | MH OTRAS ENFERMEDADES BACTERIANAS O PARASITARIAS W/CC
184143 | MH OTRAS ENFERMEDADES BACTERIANAS O PARASITARIAS W/MCC
184151 | MH INFECCIÓN VIH
184152 | MH INFECCIÓN VIH W/CC
184153 | MH INFECCIÓN VIH W/MCC
193100 | PA TERAPIA DE SHOCK
194101 | MH ESQUIZOFRENIA
194102 | MH ESQUIZOFRENIA W/CC
194103 | MH ESQUIZOFRENIA W/MCC
194111 | MH DEPRESIÓN MAYOR
194112 | MH DEPRESIÓN MAYOR W/CC
194113 | MH DEPRESIÓN MAYOR W/MCC
194121 | MH TRASTORNOS DE LA PERSONALIDAD Y DEL CONTROL DE LOS IMPULSOS
194122 | MH TRASTORNOS DE LA PERSONALIDAD Y DEL CONTROL DE LOS IMPULSOS W/CC
194123 | MH TRASTORNOS DE LA PERSONALIDAD Y DEL CONTROL DE LOS IMPULSOS W/MCC
194131 | MH TRASTORNO BIPOLAR
194132 | MH TRASTORNO BIPOLAR W/CC
194133 | MH TRASTORNO BIPOLAR W/MCC
194141 | MH DEPRESIÓN
194142 | MH DEPRESIÓN W/CC
194143 | MH DEPRESIÓN W/MCC
194151 | MH NEUROSIS EXCEPTO DEPRESIÓN
194152 | MH NEUROSIS EXCEPTO DEPRESIÓN W/CC
194153 | MH NEUROSIS EXCEPTO DEPRESIÓN W/MCC
194161 | MH TRASTORNOS ORGÁNICOS Y RETRASO MENTAL
194162 | MH TRASTORNOS ORGÁNICOS Y RETRASO MENTAL W/CC
194163 | MH TRASTORNOS ORGÁNICOS Y RETRASO MENTAL W/MCC
194171 | MH TRASTORNOS MENTALES DE INICIO EN LA INFANCIA
194172 | MH TRASTORNOS MENTALES DE INICIO EN LA INFANCIA W/CC
194173 | MH TRASTORNOS MENTALES DE INICIO EN LA INFANCIA W/MCC
194181 | MH TRASTORNO COMPULSIVO NUTRICIONAL
194182 | MH TRASTORNO COMPULSIVO NUTRICIONAL W/CC
194183 | MH TRASTORNO COMPULSIVO NUTRICIONAL W/MCC
194191 | MH OTROS TRASTORNOS MENTALES
194192 | MH OTROS TRASTORNOS MENTALES W/CC
194193 | MH OTROS TRASTORNOS MENTALES W/MCC
195100 | MA SERVICIOS DE SALUD MENTAL EXTENSIVOS
195120 | MA SALUD MENTAL, REALIZACIÓN DE PRUEBAS DIAGNÓSTICAS
195140 | MA PSICOTERAPIA INDIVIDUAL NO AGUDA
195150 | MA TRATAMIENTO INDIVIDUAL POR RETRASO MENTAL
195160 | MA PSICOTERAPIA INDIVIDUAL DE PROBLEMAS DE SALUD MENTAL CON INICIO EN LA INFANCIA
201101 | PH REHABILITACIÓN Y/O TERAPIA DE DESINTOXICACIÓN POR ALCOHOL Y DROGAS,
201102 | PH REHABILITACIÓN Y/O TERAPIA DE DESINTOXICACIÓN POR ALCOHOL Y DROGAS, W/CC
201103 | PH REHABILITACIÓN Y/O TERAPIA DE DESINTOXICACIÓN POR ALCOHOL Y DROGAS, W/MCC
204101 | MH ABUSO Y DEPENDENCIA DROGAS Y ALCOHOL, ALTA VOLUNTARIA
204102 | MH ABUSO Y DEPENDENCIA DROGAS Y ALCOHOL, ALTA VOLUNTARIA W/CC
204103 | MH ABUSO Y DEPENDENCIA DROGAS Y ALCOHOL, ALTA VOLUNTARIA W/MCC
204111 | MH ABUSO Y DEPENDENCIA DE ALCOHOL, OPIÁCEOS Y COCAÍNA
204112 | MH ABUSO Y DEPENDENCIA DE ALCOHOL, OPIÁCEOS Y COCAÍNA W/CC
204113 | MH ABUSO Y DEPENDENCIA DE ALCOHOL, OPIÁCEOS Y COCAÍNA W/MCC
204121 | MH ABUSO Y DEPENDENCIA DE OTRAS DROGAS
204122 | MH ABUSO Y DEPENDENCIA DE OTRAS DROGAS W/CC
204123 | MH ABUSO Y DEPENDENCIA DE OTRAS DROGAS W/MCC
214101 | MH LESIONES DE MÚLTIPLES SITIOS NO ESPECIFICADOS
214102 | MH LESIONES DE MÚLTIPLES SITIOS NO ESPECIFICADOS W/CC
214103 | MH LESIONES DE MÚLTIPLES SITIOS NO ESPECIFICADOS W/MCC
214111 | MH REACCIONES ALÉRGICAS
214112 | MH REACCIONES ALÉRGICAS W/CC
214113 | MH REACCIONES ALÉRGICAS W/MCC
214121 | MH ENVENENAMIENTO Y EFECTO TÓXICO DE DROGAS
214122 | MH ENVENENAMIENTO Y EFECTO TÓXICO DE DROGAS W/CC
214123 | MH ENVENENAMIENTO Y EFECTO TÓXICO DE DROGAS W/MCC
214131 | MH COMPLICACIONES DE TRATAMIENTO
214132 | MH COMPLICACIONES DE TRATAMIENTO W/CC
214133 | MH COMPLICACIONES DE TRATAMIENTO W/MCC
214141 | MH MALTRATO DE NIÑO O ADULTO
214142 | MH MALTRATO DE NIÑO O ADULTO W/CC
214143 | MH MALTRATO DE NIÑO O ADULTO W/MCC
214151 | MH QUEMADURAS DERIVADAS A OTROS HOSPITALES DE AGUDOS
214152 | MH QUEMADURAS DERIVADAS A OTROS HOSPITALES DE AGUDOS W/CC
214153 | MH QUEMADURAS DERIVADAS A OTROS HOSPITALES DE AGUDOS W/MCC
214161 | MH QUEMADURAS
214162 | MH QUEMADURAS W/CC
214163 | MH QUEMADURAS W/MCC
214171 | MH OTRAS DIAGNÓSTICOS DE LESIONES, ENVENENAMIENTOS Y EFECTOS TÓXICOS
214172 | MH OTRAS DIAGNÓSTICOS DE LESIONES, ENVENENAMIENTOS Y EFECTOS TÓXICOS W/CC
214173 | MH OTRAS DIAGNÓSTICOS DE LESIONES, ENVENENAMIENTOS Y EFECTOS TÓXICOS W/MCC
223110 | PA LITOTRICIA EXTRACORPÓREA POR ONDA DE CHOQUE EXCEPTO TRACTO BILIAR O URINARIO
223120 | PA REHABILITACIÓN
223130 | PA SERVICIOS AUXILIARES DIVERSOS NO COMPLEJOS
223140 | PA ESTUDIOS DEL SUEÑO
223160 | PA ESTUDIOS DE IMAGEN, RESONANCIA MAGNÉTICA
223170 | PA ESTUDIOS DE IMAGEN, MEDICINA NUCLEAR
223180 | PA TOMOGRAFÍA COMPUTARIZADA DE CABEZA
223190 | PA OTRA TOMOGRAFÍA COMPUTERIZADA
223200 | PA ESTUDIOS DEL TRACTO URINARIO CON CONTRASTE
223210 | PA ESTUDIOS DE IMAGEN VASCULAR CON CONTRASTE
223220 | PA OTROS ESTUDIOS DE IMAGEN CON CONTRASTE
223230 | PA OTROS PROCEDIMIENTOS POR ULTRASONIDOS
223240 | PA PROCEDIMIENTOS VASCULARES POR ULTRASONIDOS
223250 | PA PROCEDIMIENTOS GINECOLÓGICOS POR ULTRASONIDOS
223260 | PA ESTUDIOS RADIOLÓGICOS MODERADAMENTE COMPLEJOS
223270 | PA CUIDADO DE HERIDA
223290 | PA OTROS ESTUDIOS DE IMÁGENES
224101 | MH REHABILITACIÓN
224102 | MH REHABILITACIÓN W/CC
224103 | MH REHABILITACIÓN W/MCC
224111 | MH SIGNOS Y SÍNTOMAS
224112 | MH SIGNOS Y SÍNTOMAS W/CC
224113 | MH SIGNOS Y SÍNTOMAS W/MCC
224121 | MH OTROS FACTORES QUE INFLUYEN EN EL ESTADO DE SALUD
224122 | MH OTROS FACTORES QUE INFLUYEN EN EL ESTADO DE SALUD W/CC
224123 | MH OTROS FACTORES QUE INFLUYEN EN EL ESTADO DE SALUD W/MCC
235110 | MA MOTIVO DE LA VISITA: ABUSO DE SUSTANCIAS NO AGUDO
235120 | MA MOTIVO DE LA VISITA: PROBLEMA DENTAL
235130 | MA MOTIVO DE LA VISITA: REVISIÓN GENERAL
235150 | MA MOTIVO DE LA VISITA: REALIZACIÓN ELECTROCARDIOGRAMA
235160 | MA MOTIVO DE LA VISITA: VACUNACIÓN
235170 | MA MOTIVO DE LA VISITA: INFUSIÓN DE SUSTANCIAS
235180 | MA MOTIVO DE LA VISITA: CONSULTA U OTRO EXAMEN
235190 | MA MOTIVO DE LA VISITA: OTROS CONTACTOS PARA EL CUIDADO DE LA SALUD
235200 | MA MOTIVO DE LA VISITA: AMENAZA DE ABORTO
235210 | MA MOTIVO DE LA VISITA: ABORTO
235230 | MA MOTIVO DE LA VISITA: ESTADO ANTEPARTO
235250 | MA MOTIVO DE LA VISITA: PATOLOGÍA GASTROINTESTINAL AGUDA
235260 | MA MOTIVO DE LA VISITA: PATOLOGÍA BRONQUIAL AGUDA
235280 | MA MOTIVO DE LA VISITA: LESIÓN DEL SISTEMA NERVIOSO CENTRAL
235290 | MA MOTIVO DE LA VISITA: INSUFICIENCIA CARDIACA Y OTRAS PATOLOGÍAS CARDIACAS
235300 | MA MOTIVO DE LA VISITA: INFARTO AGUDO DE MIOCARDIO Y ARRITMIA
235310 | MA MOTIVO DE LA VISITA: FRACTURAS SIGNIFICATIVAS
235320 | MA MOTIVO DE LA VISITA: PATOLOGÍA AGUDA DEL TRACTO URINARIO
235330 | MA MOTIVO DE LA VISITA: ENFERMEDAD AGUDA HEMATOLÓGICA
235350 | MA MOTIVO DE LA VISITA: INFECCIÓN AGUDA
235360 | MA MOTIVO DE LA VISITA: TRASTORNOS METABÓLICOS AGUDOS
235370 | MA MOTIVO DE LA VISITA: PARO CARDIACO, PARO RESPIRATORIO Y SHOCK
235380 | MA MOTIVO DE LA VISITA: PATOLOGÍA PULMONAR AGUDA
235400 | MA MOTIVO DE LA VISITA: INFECCIÓN AGUDA DEL TRACTO URINARIO
235410 | MA MOTIVO DE LA VISITA: OTRO ESTADO AGUDO COMPLEJO
235420 | MA MOTIVO DE LA VISITA: OTRO ESTADO AGUDO NO COMPLEJO
235430 | MA MOTIVO DE LA VISITA: OTRO ESTADO CRÓNICO COMPLEJO
235440 | MA MOTIVO DE LA VISITA: OTRO ESTADO CRÓNICO NO COMPLEJO
990019 | INAGRUPABLE, CÓDIGO DIAGNÓSTICO NO VÁLIDO COMO DIAGNÓSTICO PRINCIPAL
990029 | INAGRUPABLE, CÓDIGO DIAGNÓSTICO PRINCIPAL ERRÓNEO
990039 | INAGRUPABLE, SIN DIAGNÓSTICO PRINCIPAL
990049 | INAGRUPABLE, EDAD INVÁLIDA
990059 | INAGRUPABLE, GÉNERO INVÁLIDO
990069 | INAGRUPABLE, TIPO DE ALTA NO VÁLIDO
990079 | INAGRUPABLE, PESO AL NACIMIENTO INVÁLIDO
990089 | INAGRUPABLE, DURACIÓN DE LA ESTANCIA NO VÁLIDA
990099 | INAGRUPABLE, PACIENTE AMBULATORIO CON PROCED. DE HOSPITALIZACIÓN
990119 | INAGRUPABLE, SIN CRITERIO DE AGRUPACIÓN PARA HOMBRE
990129 | INAGRUPABLE, SIN CRITERIO DE AGRUPACIÓN PARA MUJER
990149 | INAGRUPABLE, DIAG. PRINCIPAL INVÁLIDO COMO DIAG. DE ALTA PARA CDM 15 NEONATOS
